condition,site,wildtype,mutation,mut_escape,site_total_escape,site_max_escape
NHP-serum,331,N,A,0.0004324,0.01712,0.006122
NHP-serum,331,N,D,0.002908,0.01712,0.006122
NHP-serum,331,N,E,0.000865,0.01712,0.006122
NHP-serum,331,N,F,0.0005629,0.01712,0.006122
NHP-serum,331,N,G,0.0004405,0.01712,0.006122
NHP-serum,331,N,H,0.0005017,0.01712,0.006122
NHP-serum,331,N,I,0.001084,0.01712,0.006122
NHP-serum,331,N,K,0.0005234,0.01712,0.006122
NHP-serum,331,N,L,0.006122,0.01712,0.006122
NHP-serum,331,N,M,0.0004979,0.01712,0.006122
NHP-serum,331,N,P,0.0004431,0.01712,0.006122
NHP-serum,331,N,Q,0.0006103,0.01712,0.006122
NHP-serum,331,N,R,0.0004974,0.01712,0.006122
NHP-serum,331,N,S,0.0004228,0.01712,0.006122
NHP-serum,331,N,T,0.0006392,0.01712,0.006122
NHP-serum,331,N,V,0.0005704,0.01712,0.006122
NHP-serum,332,I,A,0.001183,0.02149,0.005259
NHP-serum,332,I,C,0.00109,0.02149,0.005259
NHP-serum,332,I,D,0.005259,0.02149,0.005259
NHP-serum,332,I,E,0.0004733,0.02149,0.005259
NHP-serum,332,I,F,0.001115,0.02149,0.005259
NHP-serum,332,I,G,0.0003264,0.02149,0.005259
NHP-serum,332,I,H,0.0003952,0.02149,0.005259
NHP-serum,332,I,K,0.0007615,0.02149,0.005259
NHP-serum,332,I,L,0.0005647,0.02149,0.005259
NHP-serum,332,I,M,0.0005619,0.02149,0.005259
NHP-serum,332,I,N,0.001014,0.02149,0.005259
NHP-serum,332,I,P,0.001462,0.02149,0.005259
NHP-serum,332,I,Q,0.001535,0.02149,0.005259
NHP-serum,332,I,R,0.002324,0.02149,0.005259
NHP-serum,332,I,S,0.0006593,0.02149,0.005259
NHP-serum,332,I,T,0.0009783,0.02149,0.005259
NHP-serum,332,I,V,0.0008447,0.02149,0.005259
NHP-serum,332,I,W,0.0002452,0.02149,0.005259
NHP-serum,332,I,Y,0.0006963,0.02149,0.005259
NHP-serum,333,T,A,0.0008205,0.01655,0.003588
NHP-serum,333,T,C,0.0007958,0.01655,0.003588
NHP-serum,333,T,D,0.0009252,0.01655,0.003588
NHP-serum,333,T,E,0.0005598,0.01655,0.003588
NHP-serum,333,T,F,0.000293,0.01655,0.003588
NHP-serum,333,T,G,0.001223,0.01655,0.003588
NHP-serum,333,T,H,0.003588,0.01655,0.003588
NHP-serum,333,T,K,0.0004293,0.01655,0.003588
NHP-serum,333,T,L,0.000618,0.01655,0.003588
NHP-serum,333,T,M,0.0006526,0.01655,0.003588
NHP-serum,333,T,N,0.001574,0.01655,0.003588
NHP-serum,333,T,P,0.0004512,0.01655,0.003588
NHP-serum,333,T,Q,0.0007456,0.01655,0.003588
NHP-serum,333,T,R,0.0004719,0.01655,0.003588
NHP-serum,333,T,S,0.0005902,0.01655,0.003588
NHP-serum,333,T,V,0.0004121,0.01655,0.003588
NHP-serum,333,T,W,0.001892,0.01655,0.003588
NHP-serum,333,T,Y,0.0005033,0.01655,0.003588
NHP-serum,334,N,A,0.0005753,0.01797,0.002932
NHP-serum,334,N,C,0.000862,0.01797,0.002932
NHP-serum,334,N,D,0.0003992,0.01797,0.002932
NHP-serum,334,N,E,0.002932,0.01797,0.002932
NHP-serum,334,N,F,0.002803,0.01797,0.002932
NHP-serum,334,N,G,0.001084,0.01797,0.002932
NHP-serum,334,N,H,0.001226,0.01797,0.002932
NHP-serum,334,N,I,0.0005427,0.01797,0.002932
NHP-serum,334,N,K,0.0006782,0.01797,0.002932
NHP-serum,334,N,L,0.0006044,0.01797,0.002932
NHP-serum,334,N,M,0.0007174,0.01797,0.002932
NHP-serum,334,N,P,0.0004101,0.01797,0.002932
NHP-serum,334,N,Q,0.001218,0.01797,0.002932
NHP-serum,334,N,R,0.0005308,0.01797,0.002932
NHP-serum,334,N,S,0.0003865,0.01797,0.002932
NHP-serum,334,N,T,0.0004901,0.01797,0.002932
NHP-serum,334,N,V,0.0006018,0.01797,0.002932
NHP-serum,334,N,Y,0.001911,0.01797,0.002932
NHP-serum,335,L,A,0.0004987,0.01264,0.001462
NHP-serum,335,L,C,0.001462,0.01264,0.001462
NHP-serum,335,L,D,0.0003799,0.01264,0.001462
NHP-serum,335,L,E,0.0006608,0.01264,0.001462
NHP-serum,335,L,F,0.0006121,0.01264,0.001462
NHP-serum,335,L,G,0.0008185,0.01264,0.001462
NHP-serum,335,L,H,0.0008251,0.01264,0.001462
NHP-serum,335,L,I,0.0005914,0.01264,0.001462
NHP-serum,335,L,K,0.0004865,0.01264,0.001462
NHP-serum,335,L,M,0.0004292,0.01264,0.001462
NHP-serum,335,L,N,0.0008202,0.01264,0.001462
NHP-serum,335,L,P,0.0004548,0.01264,0.001462
NHP-serum,335,L,Q,0.0005893,0.01264,0.001462
NHP-serum,335,L,R,0.0006782,0.01264,0.001462
NHP-serum,335,L,S,0.0003564,0.01264,0.001462
NHP-serum,335,L,T,0.0007602,0.01264,0.001462
NHP-serum,335,L,V,0.0005269,0.01264,0.001462
NHP-serum,335,L,W,0.0009036,0.01264,0.001462
NHP-serum,335,L,Y,0.0007881,0.01264,0.001462
NHP-serum,336,C,G,0.001313,0.001313,0.001313
NHP-serum,337,P,A,0.002287,0.01278,0.002287
NHP-serum,337,P,C,0.0007869,0.01278,0.002287
NHP-serum,337,P,D,0.0007181,0.01278,0.002287
NHP-serum,337,P,E,0.001315,0.01278,0.002287
NHP-serum,337,P,G,0,0.01278,0.002287
NHP-serum,337,P,H,0.0006374,0.01278,0.002287
NHP-serum,337,P,K,0.0005894,0.01278,0.002287
NHP-serum,337,P,L,0.0008525,0.01278,0.002287
NHP-serum,337,P,M,0.001412,0.01278,0.002287
NHP-serum,337,P,N,0.000443,0.01278,0.002287
NHP-serum,337,P,Q,0.0004034,0.01278,0.002287
NHP-serum,337,P,R,0.0004878,0.01278,0.002287
NHP-serum,337,P,S,0.001103,0.01278,0.002287
NHP-serum,337,P,T,0.001746,0.01278,0.002287
NHP-serum,338,F,I,0.000752,0.00285,0.000752
NHP-serum,338,F,L,0.0005724,0.00285,0.000752
NHP-serum,338,F,M,0.0004484,0.00285,0.000752
NHP-serum,338,F,W,0.0004385,0.00285,0.000752
NHP-serum,338,F,Y,0.0006383,0.00285,0.000752
NHP-serum,339,G,A,0.000937,0.0128,0.001203
NHP-serum,339,G,D,0.0005564,0.0128,0.001203
NHP-serum,339,G,E,0.001203,0.0128,0.001203
NHP-serum,339,G,F,0.0004691,0.0128,0.001203
NHP-serum,339,G,H,0.0007091,0.0128,0.001203
NHP-serum,339,G,I,0.001125,0.0128,0.001203
NHP-serum,339,G,K,0.0006981,0.0128,0.001203
NHP-serum,339,G,L,0.0004393,0.0128,0.001203
NHP-serum,339,G,M,0.000508,0.0128,0.001203
NHP-serum,339,G,N,0.0004848,0.0128,0.001203
NHP-serum,339,G,P,0.0007286,0.0128,0.001203
NHP-serum,339,G,Q,0.000482,0.0128,0.001203
NHP-serum,339,G,R,0.0004668,0.0128,0.001203
NHP-serum,339,G,S,0.001058,0.0128,0.001203
NHP-serum,339,G,T,0.0006796,0.0128,0.001203
NHP-serum,339,G,V,0.0008288,0.0128,0.001203
NHP-serum,339,G,W,0.0008896,0.0128,0.001203
NHP-serum,339,G,Y,0.0005396,0.0128,0.001203
NHP-serum,340,E,A,0.0005422,0.008963,0.00208
NHP-serum,340,E,D,0.0009889,0.008963,0.00208
NHP-serum,340,E,G,0.0008053,0.008963,0.00208
NHP-serum,340,E,K,0.0006731,0.008963,0.00208
NHP-serum,340,E,L,0.001692,0.008963,0.00208
NHP-serum,340,E,M,0.0005322,0.008963,0.00208
NHP-serum,340,E,N,0.0003913,0.008963,0.00208
NHP-serum,340,E,P,0.0003876,0.008963,0.00208
NHP-serum,340,E,Q,0.0004773,0.008963,0.00208
NHP-serum,340,E,S,0.00208,0.008963,0.00208
NHP-serum,340,E,T,0.0003932,0.008963,0.00208
NHP-serum,341,V,I,0.0006964,0.0009924,0.0006964
NHP-serum,341,V,L,0.000296,0.0009924,0.0006964
NHP-serum,342,F,I,0.0008538,0.002583,0.001052
NHP-serum,342,F,L,0.0006777,0.002583,0.001052
NHP-serum,342,F,M,0.001052,0.002583,0.001052
NHP-serum,344,A,E,0.0006167,0.005704,0.001922
NHP-serum,344,A,K,0.001922,0.005704,0.001922
NHP-serum,344,A,N,0.0004667,0.005704,0.001922
NHP-serum,344,A,Q,0.0007288,0.005704,0.001922
NHP-serum,344,A,R,0.001345,0.005704,0.001922
NHP-serum,344,A,S,0.0006246,0.005704,0.001922
NHP-serum,345,T,A,0.0003831,0.004298,0.0008174
NHP-serum,345,T,D,0.0006262,0.004298,0.0008174
NHP-serum,345,T,E,0.0007071,0.004298,0.0008174
NHP-serum,345,T,K,0.0008174,0.004298,0.0008174
NHP-serum,345,T,P,0.0005047,0.004298,0.0008174
NHP-serum,345,T,R,0.0005079,0.004298,0.0008174
NHP-serum,345,T,S,0.000752,0.004298,0.0008174
NHP-serum,346,R,A,0.0004838,0.02986,0.01356
NHP-serum,346,R,C,0.001174,0.02986,0.01356
NHP-serum,346,R,D,0.0004401,0.02986,0.01356
NHP-serum,346,R,E,0.0004346,0.02986,0.01356
NHP-serum,346,R,F,0.0005808,0.02986,0.01356
NHP-serum,346,R,G,0.000559,0.02986,0.01356
NHP-serum,346,R,H,0.0008295,0.02986,0.01356
NHP-serum,346,R,I,0.0008618,0.02986,0.01356
NHP-serum,346,R,K,0.001755,0.02986,0.01356
NHP-serum,346,R,L,0.0009837,0.02986,0.01356
NHP-serum,346,R,M,0.0007733,0.02986,0.01356
NHP-serum,346,R,N,0.001677,0.02986,0.01356
NHP-serum,346,R,Q,0.002594,0.02986,0.01356
NHP-serum,346,R,S,0.01356,0.02986,0.01356
NHP-serum,346,R,T,0.001131,0.02986,0.01356
NHP-serum,346,R,V,0.0007382,0.02986,0.01356
NHP-serum,346,R,W,0.000819,0.02986,0.01356
NHP-serum,346,R,Y,0.0004672,0.02986,0.01356
NHP-serum,347,F,W,0.0004169,0.0004169,0.0004169
NHP-serum,348,A,D,0,0.00759,0.001834
NHP-serum,348,A,E,0.0004371,0.00759,0.001834
NHP-serum,348,A,G,0.0005331,0.00759,0.001834
NHP-serum,348,A,H,0.001189,0.00759,0.001834
NHP-serum,348,A,K,0.0004429,0.00759,0.001834
NHP-serum,348,A,N,0.001788,0.00759,0.001834
NHP-serum,348,A,P,0.0004343,0.00759,0.001834
NHP-serum,348,A,Q,0.0005788,0.00759,0.001834
NHP-serum,348,A,S,0.0003522,0.00759,0.001834
NHP-serum,348,A,Y,0.001834,0.00759,0.001834
NHP-serum,349,S,N,0.0006029,0.001033,0.0006029
NHP-serum,349,S,P,0.0004298,0.001033,0.0006029
NHP-serum,351,Y,F,0.004837,0.01637,0.006588
NHP-serum,351,Y,H,0.004943,0.01637,0.006588
NHP-serum,351,Y,W,0.006588,0.01637,0.006588
NHP-serum,352,A,D,0.0005856,0.02203,0.006633
NHP-serum,352,A,E,0.0006525,0.02203,0.006633
NHP-serum,352,A,G,0.0004329,0.02203,0.006633
NHP-serum,352,A,H,0.0003695,0.02203,0.006633
NHP-serum,352,A,K,0.006633,0.02203,0.006633
NHP-serum,352,A,M,0.005148,0.02203,0.006633
NHP-serum,352,A,N,0.0002741,0.02203,0.006633
NHP-serum,352,A,Q,0.005172,0.02203,0.006633
NHP-serum,352,A,R,0.0003948,0.02203,0.006633
NHP-serum,352,A,S,0.0006941,0.02203,0.006633
NHP-serum,352,A,Y,0.001674,0.02203,0.006633
NHP-serum,353,W,F,0.000688,0.000688,0.000688
NHP-serum,354,N,A,0.001604,0.01231,0.004369
NHP-serum,354,N,D,0.00163,0.01231,0.004369
NHP-serum,354,N,G,0.0004271,0.01231,0.004369
NHP-serum,354,N,H,0.004369,0.01231,0.004369
NHP-serum,354,N,K,0.001349,0.01231,0.004369
NHP-serum,354,N,R,0.001695,0.01231,0.004369
NHP-serum,354,N,S,0.0004795,0.01231,0.004369
NHP-serum,354,N,T,0.000342,0.01231,0.004369
NHP-serum,354,N,V,0.0004147,0.01231,0.004369
NHP-serum,356,K,A,0.0007733,0.02592,0.0153
NHP-serum,356,K,E,0.0006664,0.02592,0.0153
NHP-serum,356,K,H,0.0004861,0.02592,0.0153
NHP-serum,356,K,I,0.001175,0.02592,0.0153
NHP-serum,356,K,L,0.0004489,0.02592,0.0153
NHP-serum,356,K,M,0.001235,0.02592,0.0153
NHP-serum,356,K,N,0,0.02592,0.0153
NHP-serum,356,K,Q,0.0007748,0.02592,0.0153
NHP-serum,356,K,R,0.0005636,0.02592,0.0153
NHP-serum,356,K,S,0.002564,0.02592,0.0153
NHP-serum,356,K,T,0.001024,0.02592,0.0153
NHP-serum,356,K,V,0.0009068,0.02592,0.0153
NHP-serum,356,K,Y,0.0153,0.02592,0.0153
NHP-serum,357,R,A,0.001555,0.01578,0.001883
NHP-serum,357,R,C,0.000653,0.01578,0.001883
NHP-serum,357,R,D,0.0005298,0.01578,0.001883
NHP-serum,357,R,E,0.0006093,0.01578,0.001883
NHP-serum,357,R,H,0.0005175,0.01578,0.001883
NHP-serum,357,R,I,0.0005665,0.01578,0.001883
NHP-serum,357,R,K,0.0007933,0.01578,0.001883
NHP-serum,357,R,L,0.0007164,0.01578,0.001883
NHP-serum,357,R,M,0.0005046,0.01578,0.001883
NHP-serum,357,R,N,0.001064,0.01578,0.001883
NHP-serum,357,R,P,0.001214,0.01578,0.001883
NHP-serum,357,R,Q,0.001311,0.01578,0.001883
NHP-serum,357,R,S,0.0007471,0.01578,0.001883
NHP-serum,357,R,T,0.001883,0.01578,0.001883
NHP-serum,357,R,V,0.001479,0.01578,0.001883
NHP-serum,357,R,W,0.001168,0.01578,0.001883
NHP-serum,357,R,Y,0.0004679,0.01578,0.001883
NHP-serum,358,I,C,0.002455,0.006067,0.002455
NHP-serum,358,I,F,0.0003631,0.006067,0.002455
NHP-serum,358,I,L,0.00043,0.006067,0.002455
NHP-serum,358,I,M,0.001545,0.006067,0.002455
NHP-serum,358,I,V,0.0004672,0.006067,0.002455
NHP-serum,358,I,W,0.0004221,0.006067,0.002455
NHP-serum,358,I,Y,0.0003848,0.006067,0.002455
NHP-serum,359,S,A,0.000843,0.02438,0.004403
NHP-serum,359,S,C,0.0004397,0.02438,0.004403
NHP-serum,359,S,D,0.0006814,0.02438,0.004403
NHP-serum,359,S,E,0.003593,0.02438,0.004403
NHP-serum,359,S,F,0.0004396,0.02438,0.004403
NHP-serum,359,S,G,0.0008019,0.02438,0.004403
NHP-serum,359,S,H,0.001738,0.02438,0.004403
NHP-serum,359,S,I,0.001632,0.02438,0.004403
NHP-serum,359,S,K,0.004403,0.02438,0.004403
NHP-serum,359,S,N,0.0006015,0.02438,0.004403
NHP-serum,359,S,P,0.0007238,0.02438,0.004403
NHP-serum,359,S,Q,0.0001657,0.02438,0.004403
NHP-serum,359,S,R,0.0005244,0.02438,0.004403
NHP-serum,359,S,T,0.003183,0.02438,0.004403
NHP-serum,359,S,V,0.0006591,0.02438,0.004403
NHP-serum,359,S,W,0.001495,0.02438,0.004403
NHP-serum,359,S,Y,0.002453,0.02438,0.004403
NHP-serum,360,N,D,0.0007035,0.004571,0.0009897
NHP-serum,360,N,E,0.0005593,0.004571,0.0009897
NHP-serum,360,N,K,0.0005916,0.004571,0.0009897
NHP-serum,360,N,M,0.0008305,0.004571,0.0009897
NHP-serum,360,N,Q,0.0003965,0.004571,0.0009897
NHP-serum,360,N,R,0.0004994,0.004571,0.0009897
NHP-serum,360,N,S,0.0009897,0.004571,0.0009897
NHP-serum,361,C,N,0.0004097,0.001049,0.0006396
NHP-serum,361,C,P,0.0006396,0.001049,0.0006396
NHP-serum,362,V,A,0.0007316,0.0283,0.01405
NHP-serum,362,V,C,0.001105,0.0283,0.01405
NHP-serum,362,V,D,0.0009289,0.0283,0.01405
NHP-serum,362,V,E,0.002055,0.0283,0.01405
NHP-serum,362,V,F,0.0006185,0.0283,0.01405
NHP-serum,362,V,G,0.001067,0.0283,0.01405
NHP-serum,362,V,H,0.0005561,0.0283,0.01405
NHP-serum,362,V,I,0.001252,0.0283,0.01405
NHP-serum,362,V,K,0.000597,0.0283,0.01405
NHP-serum,362,V,L,0.0005304,0.0283,0.01405
NHP-serum,362,V,M,0.0006459,0.0283,0.01405
NHP-serum,362,V,N,0.0004102,0.0283,0.01405
NHP-serum,362,V,Q,0.0006991,0.0283,0.01405
NHP-serum,362,V,R,0.0007457,0.0283,0.01405
NHP-serum,362,V,S,0.01405,0.0283,0.01405
NHP-serum,362,V,T,0.001114,0.0283,0.01405
NHP-serum,362,V,W,0.0004027,0.0283,0.01405
NHP-serum,362,V,Y,0.0007818,0.0283,0.01405
NHP-serum,363,A,C,0.0007578,0.008782,0.001094
NHP-serum,363,A,F,0.0006298,0.008782,0.001094
NHP-serum,363,A,G,0.0002581,0.008782,0.001094
NHP-serum,363,A,H,0.001094,0.008782,0.001094
NHP-serum,363,A,I,0.0006313,0.008782,0.001094
NHP-serum,363,A,L,0.0004571,0.008782,0.001094
NHP-serum,363,A,M,0.0004207,0.008782,0.001094
NHP-serum,363,A,P,0.0006697,0.008782,0.001094
NHP-serum,363,A,Q,0.0005465,0.008782,0.001094
NHP-serum,363,A,S,0.0004825,0.008782,0.001094
NHP-serum,363,A,T,0.001093,0.008782,0.001094
NHP-serum,363,A,V,0.0005435,0.008782,0.001094
NHP-serum,363,A,W,0.0004026,0.008782,0.001094
NHP-serum,363,A,Y,0.0007946,0.008782,0.001094
NHP-serum,365,Y,A,0.001766,0.04192,0.034
NHP-serum,365,Y,C,0.0008797,0.04192,0.034
NHP-serum,365,Y,F,0.0007279,0.04192,0.034
NHP-serum,365,Y,G,0.034,0.04192,0.034
NHP-serum,365,Y,I,0.0006389,0.04192,0.034
NHP-serum,365,Y,L,0.0005271,0.04192,0.034
NHP-serum,365,Y,M,0.0004335,0.04192,0.034
NHP-serum,365,Y,P,0.0009903,0.04192,0.034
NHP-serum,365,Y,T,0.0006092,0.04192,0.034
NHP-serum,365,Y,V,0.0005038,0.04192,0.034
NHP-serum,365,Y,W,0.0008436,0.04192,0.034
NHP-serum,366,S,A,0.003601,0.02251,0.006383
NHP-serum,366,S,D,0.001289,0.02251,0.006383
NHP-serum,366,S,E,0.0006627,0.02251,0.006383
NHP-serum,366,S,F,0.001029,0.02251,0.006383
NHP-serum,366,S,G,0.0008444,0.02251,0.006383
NHP-serum,366,S,H,0.0006179,0.02251,0.006383
NHP-serum,366,S,I,0.0008551,0.02251,0.006383
NHP-serum,366,S,K,0.0005311,0.02251,0.006383
NHP-serum,366,S,L,0.0005204,0.02251,0.006383
NHP-serum,366,S,M,0.006383,0.02251,0.006383
NHP-serum,366,S,N,0.001667,0.02251,0.006383
NHP-serum,366,S,P,0.00045,0.02251,0.006383
NHP-serum,366,S,Q,0.0009985,0.02251,0.006383
NHP-serum,366,S,R,0.0006172,0.02251,0.006383
NHP-serum,366,S,T,0.0004334,0.02251,0.006383
NHP-serum,366,S,V,0.001384,0.02251,0.006383
NHP-serum,366,S,W,0.0006225,0.02251,0.006383
NHP-serum,367,V,A,0.0007755,0.02251,0.007842
NHP-serum,367,V,C,0.000597,0.02251,0.007842
NHP-serum,367,V,D,0.007842,0.02251,0.007842
NHP-serum,367,V,E,0.0006849,0.02251,0.007842
NHP-serum,367,V,F,0.0004697,0.02251,0.007842
NHP-serum,367,V,G,0.0005247,0.02251,0.007842
NHP-serum,367,V,H,0.0008528,0.02251,0.007842
NHP-serum,367,V,I,0.001035,0.02251,0.007842
NHP-serum,367,V,K,0.0009129,0.02251,0.007842
NHP-serum,367,V,L,0.0007105,0.02251,0.007842
NHP-serum,367,V,M,0.0004668,0.02251,0.007842
NHP-serum,367,V,N,0.000702,0.02251,0.007842
NHP-serum,367,V,P,0.0007402,0.02251,0.007842
NHP-serum,367,V,Q,0.0004743,0.02251,0.007842
NHP-serum,367,V,R,0.0004305,0.02251,0.007842
NHP-serum,367,V,S,0.000995,0.02251,0.007842
NHP-serum,367,V,T,0.001014,0.02251,0.007842
NHP-serum,367,V,W,0.002853,0.02251,0.007842
NHP-serum,367,V,Y,0.0004325,0.02251,0.007842
NHP-serum,368,L,F,0.0005092,0.002656,0.0008597
NHP-serum,368,L,I,0.0008117,0.002656,0.0008597
NHP-serum,368,L,M,0.0008597,0.002656,0.0008597
NHP-serum,368,L,V,0.0004759,0.002656,0.0008597
NHP-serum,369,Y,A,0.001354,0.02673,0.0061
NHP-serum,369,Y,C,0.0005159,0.02673,0.0061
NHP-serum,369,Y,D,0.001756,0.02673,0.0061
NHP-serum,369,Y,E,0.0007976,0.02673,0.0061
NHP-serum,369,Y,F,0.0005087,0.02673,0.0061
NHP-serum,369,Y,G,0.0004429,0.02673,0.0061
NHP-serum,369,Y,H,0.001032,0.02673,0.0061
NHP-serum,369,Y,I,0.00111,0.02673,0.0061
NHP-serum,369,Y,K,0.0006627,0.02673,0.0061
NHP-serum,369,Y,L,0.0007719,0.02673,0.0061
NHP-serum,369,Y,M,0.000442,0.02673,0.0061
NHP-serum,369,Y,N,0.003906,0.02673,0.0061
NHP-serum,369,Y,P,0.002056,0.02673,0.0061
NHP-serum,369,Y,Q,0.0007212,0.02673,0.0061
NHP-serum,369,Y,R,0.001342,0.02673,0.0061
NHP-serum,369,Y,S,0.001289,0.02673,0.0061
NHP-serum,369,Y,T,0.0007196,0.02673,0.0061
NHP-serum,369,Y,V,0.0061,0.02673,0.0061
NHP-serum,369,Y,W,0.001203,0.02673,0.0061
NHP-serum,370,N,A,0.001414,0.009667,0.001414
NHP-serum,370,N,D,0.0007195,0.009667,0.001414
NHP-serum,370,N,E,0.0007059,0.009667,0.001414
NHP-serum,370,N,G,0.0003863,0.009667,0.001414
NHP-serum,370,N,H,0.00106,0.009667,0.001414
NHP-serum,370,N,K,0.0005843,0.009667,0.001414
NHP-serum,370,N,L,0.0005762,0.009667,0.001414
NHP-serum,370,N,M,0.0006819,0.009667,0.001414
NHP-serum,370,N,P,0.0007713,0.009667,0.001414
NHP-serum,370,N,Q,0.0004534,0.009667,0.001414
NHP-serum,370,N,R,0.0007458,0.009667,0.001414
NHP-serum,370,N,S,0.0005066,0.009667,0.001414
NHP-serum,370,N,T,0.0004148,0.009667,0.001414
NHP-serum,370,N,Y,0.0006467,0.009667,0.001414
NHP-serum,371,S,A,0.0003995,0.01524,0.001815
NHP-serum,371,S,C,0.001815,0.01524,0.001815
NHP-serum,371,S,D,0.0006834,0.01524,0.001815
NHP-serum,371,S,E,0.001248,0.01524,0.001815
NHP-serum,371,S,F,0.00155,0.01524,0.001815
NHP-serum,371,S,G,0.0004962,0.01524,0.001815
NHP-serum,371,S,H,0.0009612,0.01524,0.001815
NHP-serum,371,S,I,0.0008094,0.01524,0.001815
NHP-serum,371,S,K,0.0006748,0.01524,0.001815
NHP-serum,371,S,L,0.0004334,0.01524,0.001815
NHP-serum,371,S,M,0.0006139,0.01524,0.001815
NHP-serum,371,S,N,0.0005341,0.01524,0.001815
NHP-serum,371,S,P,0.0004589,0.01524,0.001815
NHP-serum,371,S,Q,0.0004891,0.01524,0.001815
NHP-serum,371,S,R,0.00104,0.01524,0.001815
NHP-serum,371,S,T,0.0007514,0.01524,0.001815
NHP-serum,371,S,V,0.0009318,0.01524,0.001815
NHP-serum,371,S,W,0.0008018,0.01524,0.001815
NHP-serum,371,S,Y,0.0005518,0.01524,0.001815
NHP-serum,372,A,D,0.0003921,0.01467,0.001878
NHP-serum,372,A,E,0.0005881,0.01467,0.001878
NHP-serum,372,A,F,0.0004822,0.01467,0.001878
NHP-serum,372,A,G,0.0008315,0.01467,0.001878
NHP-serum,372,A,H,0.0009259,0.01467,0.001878
NHP-serum,372,A,I,0.0005499,0.01467,0.001878
NHP-serum,372,A,K,0.0005756,0.01467,0.001878
NHP-serum,372,A,L,0.0009166,0.01467,0.001878
NHP-serum,372,A,M,0.000545,0.01467,0.001878
NHP-serum,372,A,N,0.0007995,0.01467,0.001878
NHP-serum,372,A,P,0.000839,0.01467,0.001878
NHP-serum,372,A,Q,0.0006001,0.01467,0.001878
NHP-serum,372,A,R,0.00109,0.01467,0.001878
NHP-serum,372,A,S,0.000876,0.01467,0.001878
NHP-serum,372,A,T,0.001878,0.01467,0.001878
NHP-serum,372,A,V,0.0006481,0.01467,0.001878
NHP-serum,372,A,W,0.001674,0.01467,0.001878
NHP-serum,372,A,Y,0.0004614,0.01467,0.001878
NHP-serum,373,S,A,0.0006289,0.01589,0.003134
NHP-serum,373,S,C,0.0004587,0.01589,0.003134
NHP-serum,373,S,D,0.0004035,0.01589,0.003134
NHP-serum,373,S,E,0.001361,0.01589,0.003134
NHP-serum,373,S,F,0.0003984,0.01589,0.003134
NHP-serum,373,S,G,0.0004668,0.01589,0.003134
NHP-serum,373,S,H,0.0005592,0.01589,0.003134
NHP-serum,373,S,I,0.0005826,0.01589,0.003134
NHP-serum,373,S,K,0.0004201,0.01589,0.003134
NHP-serum,373,S,L,0.0014,0.01589,0.003134
NHP-serum,373,S,M,0.0005449,0.01589,0.003134
NHP-serum,373,S,N,0.0006316,0.01589,0.003134
NHP-serum,373,S,P,0.001044,0.01589,0.003134
NHP-serum,373,S,Q,0.001424,0.01589,0.003134
NHP-serum,373,S,R,0.0005412,0.01589,0.003134
NHP-serum,373,S,T,0.0008245,0.01589,0.003134
NHP-serum,373,S,V,0.0005555,0.01589,0.003134
NHP-serum,373,S,W,0.0005115,0.01589,0.003134
NHP-serum,373,S,Y,0.003134,0.01589,0.003134
NHP-serum,374,F,A,0.0006712,0.03585,0.01823
NHP-serum,374,F,D,0.008516,0.03585,0.01823
NHP-serum,374,F,H,0.0008467,0.03585,0.01823
NHP-serum,374,F,I,0.0005201,0.03585,0.01823
NHP-serum,374,F,L,0.0005136,0.03585,0.01823
NHP-serum,374,F,M,0.0006033,0.03585,0.01823
NHP-serum,374,F,N,0.01823,0.03585,0.01823
NHP-serum,374,F,Q,0.002735,0.03585,0.01823
NHP-serum,374,F,T,0.0007445,0.03585,0.01823
NHP-serum,374,F,V,0.0004412,0.03585,0.01823
NHP-serum,374,F,W,0.001116,0.03585,0.01823
NHP-serum,374,F,Y,0.0009083,0.03585,0.01823
NHP-serum,375,S,A,0.0008004,0.01068,0.004109
NHP-serum,375,S,D,0.0006999,0.01068,0.004109
NHP-serum,375,S,E,0.000542,0.01068,0.004109
NHP-serum,375,S,G,0.0006854,0.01068,0.004109
NHP-serum,375,S,H,0.0007144,0.01068,0.004109
NHP-serum,375,S,K,0.004109,0.01068,0.004109
NHP-serum,375,S,N,0.001068,0.01068,0.004109
NHP-serum,375,S,Q,0.0008532,0.01068,0.004109
NHP-serum,375,S,T,0.001207,0.01068,0.004109
NHP-serum,376,T,C,0.0005568,0.008842,0.001466
NHP-serum,376,T,D,0.0003845,0.008842,0.001466
NHP-serum,376,T,F,0.001113,0.008842,0.001466
NHP-serum,376,T,H,0.001466,0.008842,0.001466
NHP-serum,376,T,I,0.0004853,0.008842,0.001466
NHP-serum,376,T,K,0.0008444,0.008842,0.001466
NHP-serum,376,T,L,0.0004829,0.008842,0.001466
NHP-serum,376,T,M,0.0006843,0.008842,0.001466
NHP-serum,376,T,N,0.0005415,0.008842,0.001466
NHP-serum,376,T,S,0.0006731,0.008842,0.001466
NHP-serum,376,T,V,0.0006264,0.008842,0.001466
NHP-serum,376,T,Y,0.0009841,0.008842,0.001466
NHP-serum,377,F,I,0.0004996,0.003599,0.001384
NHP-serum,377,F,L,0.001384,0.003599,0.001384
NHP-serum,377,F,M,0.0004442,0.003599,0.001384
NHP-serum,377,F,V,0.0004051,0.003599,0.001384
NHP-serum,377,F,W,0.0008661,0.003599,0.001384
NHP-serum,378,K,A,0.000526,0.01383,0.002529
NHP-serum,378,K,C,0,0.01383,0.002529
NHP-serum,378,K,D,0.001116,0.01383,0.002529
NHP-serum,378,K,E,0.001856,0.01383,0.002529
NHP-serum,378,K,H,0.002529,0.01383,0.002529
NHP-serum,378,K,I,0.0008405,0.01383,0.002529
NHP-serum,378,K,L,0.001283,0.01383,0.002529
NHP-serum,378,K,M,0.0006965,0.01383,0.002529
NHP-serum,378,K,N,0.0005812,0.01383,0.002529
NHP-serum,378,K,Q,0.0006866,0.01383,0.002529
NHP-serum,378,K,R,0.0004205,0.01383,0.002529
NHP-serum,378,K,S,0.001297,0.01383,0.002529
NHP-serum,378,K,T,0.001376,0.01383,0.002529
NHP-serum,378,K,V,0.0006261,0.01383,0.002529
NHP-serum,380,Y,F,0.0004146,0.002259,0.001845
NHP-serum,380,Y,W,0.001845,0.002259,0.001845
NHP-serum,381,G,H,0.0005777,0.003131,0.0005874
NHP-serum,381,G,K,0.0005726,0.003131,0.0005874
NHP-serum,381,G,N,0.0005874,0.003131,0.0005874
NHP-serum,381,G,Q,0.0004675,0.003131,0.0005874
NHP-serum,381,G,R,0.0004368,0.003131,0.0005874
NHP-serum,381,G,S,0.0004886,0.003131,0.0005874
NHP-serum,382,V,C,0.0006146,0.05985,0.05554
NHP-serum,382,V,F,0.001067,0.05985,0.05554
NHP-serum,382,V,I,0.0005195,0.05985,0.05554
NHP-serum,382,V,L,0.001047,0.05985,0.05554
NHP-serum,382,V,M,0.05554,0.05985,0.05554
NHP-serum,382,V,T,0.0003784,0.05985,0.05554
NHP-serum,382,V,Y,0.0006812,0.05985,0.05554
NHP-serum,383,S,A,0.0002433,0.01423,0.003051
NHP-serum,383,S,C,0.0007328,0.01423,0.003051
NHP-serum,383,S,D,0.0003837,0.01423,0.003051
NHP-serum,383,S,E,0.0007084,0.01423,0.003051
NHP-serum,383,S,H,0.001064,0.01423,0.003051
NHP-serum,383,S,I,0.001064,0.01423,0.003051
NHP-serum,383,S,K,0.001401,0.01423,0.003051
NHP-serum,383,S,L,0.003051,0.01423,0.003051
NHP-serum,383,S,M,0,0.01423,0.003051
NHP-serum,383,S,N,0.0008144,0.01423,0.003051
NHP-serum,383,S,P,0.000405,0.01423,0.003051
NHP-serum,383,S,Q,0.0007596,0.01423,0.003051
NHP-serum,383,S,R,0.0006606,0.01423,0.003051
NHP-serum,383,S,T,0.0005692,0.01423,0.003051
NHP-serum,383,S,V,0.00148,0.01423,0.003051
NHP-serum,383,S,Y,0.0008925,0.01423,0.003051
NHP-serum,384,P,A,0.003664,0.0235,0.004892
NHP-serum,384,P,E,0.000804,0.0235,0.004892
NHP-serum,384,P,F,0.000813,0.0235,0.004892
NHP-serum,384,P,G,0.0004418,0.0235,0.004892
NHP-serum,384,P,H,0.0003951,0.0235,0.004892
NHP-serum,384,P,I,0.000555,0.0235,0.004892
NHP-serum,384,P,K,0.001153,0.0235,0.004892
NHP-serum,384,P,L,0.0007014,0.0235,0.004892
NHP-serum,384,P,M,0.0004973,0.0235,0.004892
NHP-serum,384,P,N,0.00299,0.0235,0.004892
NHP-serum,384,P,Q,0.0007316,0.0235,0.004892
NHP-serum,384,P,R,0.003473,0.0235,0.004892
NHP-serum,384,P,S,0.0006196,0.0235,0.004892
NHP-serum,384,P,T,0.0004982,0.0235,0.004892
NHP-serum,384,P,V,0.0004549,0.0235,0.004892
NHP-serum,384,P,W,0.004892,0.0235,0.004892
NHP-serum,384,P,Y,0.0008163,0.0235,0.004892
NHP-serum,385,T,A,0.001003,0.01563,0.002
NHP-serum,385,T,C,0.0004541,0.01563,0.002
NHP-serum,385,T,D,0.002,0.01563,0.002
NHP-serum,385,T,E,0.0007167,0.01563,0.002
NHP-serum,385,T,F,0.0004666,0.01563,0.002
NHP-serum,385,T,G,0.001099,0.01563,0.002
NHP-serum,385,T,H,0.0008197,0.01563,0.002
NHP-serum,385,T,I,0.0006211,0.01563,0.002
NHP-serum,385,T,K,0.0006125,0.01563,0.002
NHP-serum,385,T,L,0.000979,0.01563,0.002
NHP-serum,385,T,M,0.001063,0.01563,0.002
NHP-serum,385,T,N,0.000791,0.01563,0.002
NHP-serum,385,T,P,0.0004723,0.01563,0.002
NHP-serum,385,T,Q,0.0007259,0.01563,0.002
NHP-serum,385,T,R,0.001019,0.01563,0.002
NHP-serum,385,T,S,0.0006504,0.01563,0.002
NHP-serum,385,T,V,0.0009794,0.01563,0.002
NHP-serum,385,T,W,0.000546,0.01563,0.002
NHP-serum,385,T,Y,0.0006102,0.01563,0.002
NHP-serum,386,K,A,0.001266,0.01461,0.002335
NHP-serum,386,K,C,0.0005743,0.01461,0.002335
NHP-serum,386,K,D,0.0005542,0.01461,0.002335
NHP-serum,386,K,E,0.002335,0.01461,0.002335
NHP-serum,386,K,G,0.0005607,0.01461,0.002335
NHP-serum,386,K,H,0.0007478,0.01461,0.002335
NHP-serum,386,K,I,0.0005602,0.01461,0.002335
NHP-serum,386,K,L,0.0008177,0.01461,0.002335
NHP-serum,386,K,M,0.0005179,0.01461,0.002335
NHP-serum,386,K,N,0.0005649,0.01461,0.002335
NHP-serum,386,K,Q,0.001772,0.01461,0.002335
NHP-serum,386,K,R,0.0005699,0.01461,0.002335
NHP-serum,386,K,S,0.0007189,0.01461,0.002335
NHP-serum,386,K,T,0.0009829,0.01461,0.002335
NHP-serum,386,K,V,0.0009236,0.01461,0.002335
NHP-serum,386,K,Y,0.001141,0.01461,0.002335
NHP-serum,387,L,I,0.000573,0.0009123,0.000573
NHP-serum,387,L,M,0.0003393,0.0009123,0.000573
NHP-serum,388,N,A,0.0006677,0.01441,0.003152
NHP-serum,388,N,D,0.0006507,0.01441,0.003152
NHP-serum,388,N,E,0.003152,0.01441,0.003152
NHP-serum,388,N,G,0.001534,0.01441,0.003152
NHP-serum,388,N,H,0.001441,0.01441,0.003152
NHP-serum,388,N,K,0.0007754,0.01441,0.003152
NHP-serum,388,N,L,0.0008238,0.01441,0.003152
NHP-serum,388,N,M,0.0006036,0.01441,0.003152
NHP-serum,388,N,P,0.0004483,0.01441,0.003152
NHP-serum,388,N,Q,0.0005179,0.01441,0.003152
NHP-serum,388,N,R,0.002197,0.01441,0.003152
NHP-serum,388,N,S,0.000655,0.01441,0.003152
NHP-serum,388,N,T,0.0005137,0.01441,0.003152
NHP-serum,388,N,V,0.0004259,0.01441,0.003152
NHP-serum,389,D,A,0.000436,0.0183,0.005564
NHP-serum,389,D,C,0.000593,0.0183,0.005564
NHP-serum,389,D,E,0.0007765,0.0183,0.005564
NHP-serum,389,D,F,0.0006103,0.0183,0.005564
NHP-serum,389,D,G,0.0003651,0.0183,0.005564
NHP-serum,389,D,H,0.0008466,0.0183,0.005564
NHP-serum,389,D,K,0.001609,0.0183,0.005564
NHP-serum,389,D,L,0.0004897,0.0183,0.005564
NHP-serum,389,D,M,0.001179,0.0183,0.005564
NHP-serum,389,D,N,0.0005781,0.0183,0.005564
NHP-serum,389,D,Q,0.0008953,0.0183,0.005564
NHP-serum,389,D,R,0.0004066,0.0183,0.005564
NHP-serum,389,D,S,0.0006393,0.0183,0.005564
NHP-serum,389,D,T,0.002251,0.0183,0.005564
NHP-serum,389,D,W,0.005564,0.0183,0.005564
NHP-serum,389,D,Y,0.00106,0.0183,0.005564
NHP-serum,390,L,A,0.0005229,0.01454,0.002022
NHP-serum,390,L,C,0.0004943,0.01454,0.002022
NHP-serum,390,L,D,0.0007377,0.01454,0.002022
NHP-serum,390,L,E,0.0004949,0.01454,0.002022
NHP-serum,390,L,F,0.0007584,0.01454,0.002022
NHP-serum,390,L,G,0.0007709,0.01454,0.002022
NHP-serum,390,L,H,0.000439,0.01454,0.002022
NHP-serum,390,L,I,0.0009491,0.01454,0.002022
NHP-serum,390,L,K,0.001349,0.01454,0.002022
NHP-serum,390,L,M,0.0006161,0.01454,0.002022
NHP-serum,390,L,N,0.001236,0.01454,0.002022
NHP-serum,390,L,Q,0.002022,0.01454,0.002022
NHP-serum,390,L,R,0.0007565,0.01454,0.002022
NHP-serum,390,L,S,0.0006482,0.01454,0.002022
NHP-serum,390,L,T,0.001083,0.01454,0.002022
NHP-serum,390,L,V,0.0006382,0.01454,0.002022
NHP-serum,390,L,W,0.0004242,0.01454,0.002022
NHP-serum,390,L,Y,0.0005998,0.01454,0.002022
NHP-serum,391,C,A,0.0009111,0.0176,0.001863
NHP-serum,391,C,D,0.0005278,0.0176,0.001863
NHP-serum,391,C,E,0.001544,0.0176,0.001863
NHP-serum,391,C,F,0.0007976,0.0176,0.001863
NHP-serum,391,C,G,0.001863,0.0176,0.001863
NHP-serum,391,C,H,0.001437,0.0176,0.001863
NHP-serum,391,C,I,0.0005491,0.0176,0.001863
NHP-serum,391,C,K,0.001539,0.0176,0.001863
NHP-serum,391,C,L,0.001653,0.0176,0.001863
NHP-serum,391,C,M,0.0007998,0.0176,0.001863
NHP-serum,391,C,N,0.0008794,0.0176,0.001863
NHP-serum,391,C,P,0.0006528,0.0176,0.001863
NHP-serum,391,C,Q,0.0005701,0.0176,0.001863
NHP-serum,391,C,R,0.000903,0.0176,0.001863
NHP-serum,391,C,S,0.0006176,0.0176,0.001863
NHP-serum,391,C,T,0.0005418,0.0176,0.001863
NHP-serum,391,C,V,0.0007523,0.0176,0.001863
NHP-serum,391,C,W,0.0005165,0.0176,0.001863
NHP-serum,391,C,Y,0.0005477,0.0176,0.001863
NHP-serum,392,F,A,0.001025,0.0118,0.001849
NHP-serum,392,F,C,0.001007,0.0118,0.001849
NHP-serum,392,F,H,0.0004265,0.0118,0.001849
NHP-serum,392,F,I,0.001244,0.0118,0.001849
NHP-serum,392,F,L,0.001069,0.0118,0.001849
NHP-serum,392,F,M,0.0009458,0.0118,0.001849
NHP-serum,392,F,N,0.0004035,0.0118,0.001849
NHP-serum,392,F,P,0.0004372,0.0118,0.001849
NHP-serum,392,F,S,0.0004799,0.0118,0.001849
NHP-serum,392,F,T,0.0005539,0.0118,0.001849
NHP-serum,392,F,V,0.001849,0.0118,0.001849
NHP-serum,392,F,W,0.001223,0.0118,0.001849
NHP-serum,392,F,Y,0.001133,0.0118,0.001849
NHP-serum,393,T,A,0.001003,0.02949,0.007311
NHP-serum,393,T,C,0.0005207,0.02949,0.007311
NHP-serum,393,T,D,0.005237,0.02949,0.007311
NHP-serum,393,T,E,0.001183,0.02949,0.007311
NHP-serum,393,T,G,0.0004408,0.02949,0.007311
NHP-serum,393,T,H,0.0007382,0.02949,0.007311
NHP-serum,393,T,I,0.0006982,0.02949,0.007311
NHP-serum,393,T,K,0.0009428,0.02949,0.007311
NHP-serum,393,T,L,0.0006062,0.02949,0.007311
NHP-serum,393,T,M,0.0005084,0.02949,0.007311
NHP-serum,393,T,N,0.0005923,0.02949,0.007311
NHP-serum,393,T,Q,0.007311,0.02949,0.007311
NHP-serum,393,T,R,0.001275,0.02949,0.007311
NHP-serum,393,T,S,0.000721,0.02949,0.007311
NHP-serum,393,T,V,0.0006311,0.02949,0.007311
NHP-serum,393,T,Y,0.007085,0.02949,0.007311
NHP-serum,394,N,A,0.0008543,0.01412,0.001626
NHP-serum,394,N,C,0.001165,0.01412,0.001626
NHP-serum,394,N,D,0.0009288,0.01412,0.001626
NHP-serum,394,N,E,0.0005697,0.01412,0.001626
NHP-serum,394,N,F,0.0006133,0.01412,0.001626
NHP-serum,394,N,G,0.0005453,0.01412,0.001626
NHP-serum,394,N,H,0.000588,0.01412,0.001626
NHP-serum,394,N,I,0.0004973,0.01412,0.001626
NHP-serum,394,N,K,0.0005454,0.01412,0.001626
NHP-serum,394,N,L,0.0005268,0.01412,0.001626
NHP-serum,394,N,M,0.0005335,0.01412,0.001626
NHP-serum,394,N,P,0.0008472,0.01412,0.001626
NHP-serum,394,N,Q,0.001626,0.01412,0.001626
NHP-serum,394,N,R,0.001026,0.01412,0.001626
NHP-serum,394,N,S,0.0006598,0.01412,0.001626
NHP-serum,394,N,T,0.0006373,0.01412,0.001626
NHP-serum,394,N,V,0.0004446,0.01412,0.001626
NHP-serum,394,N,W,0.0005423,0.01412,0.001626
NHP-serum,394,N,Y,0.0009657,0.01412,0.001626
NHP-serum,395,V,A,0.001471,0.00566,0.002183
NHP-serum,395,V,G,0.002183,0.00566,0.002183
NHP-serum,395,V,I,0.0006509,0.00566,0.002183
NHP-serum,395,V,L,0.0003508,0.00566,0.002183
NHP-serum,395,V,M,0.001004,0.00566,0.002183
NHP-serum,396,Y,C,0.0009722,0.007944,0.001248
NHP-serum,396,Y,F,0.0004457,0.007944,0.001248
NHP-serum,396,Y,H,0.0003592,0.007944,0.001248
NHP-serum,396,Y,I,0.001029,0.007944,0.001248
NHP-serum,396,Y,L,0.0007513,0.007944,0.001248
NHP-serum,396,Y,M,0.00106,0.007944,0.001248
NHP-serum,396,Y,N,0.0004287,0.007944,0.001248
NHP-serum,396,Y,S,0.0004994,0.007944,0.001248
NHP-serum,396,Y,T,0.0008602,0.007944,0.001248
NHP-serum,396,Y,V,0.001248,0.007944,0.001248
NHP-serum,396,Y,W,0.0002903,0.007944,0.001248
NHP-serum,397,A,C,0.001257,0.003572,0.00141
NHP-serum,397,A,I,0.00141,0.003572,0.00141
NHP-serum,397,A,L,0.0005176,0.003572,0.00141
NHP-serum,397,A,V,0.0003877,0.003572,0.00141
NHP-serum,399,S,T,0.000467,0.000467,0.000467
NHP-serum,401,V,I,0.0003616,0.0003616,0.0003616
NHP-serum,402,I,C,0.0004645,0.001672,0.0006096
NHP-serum,402,I,L,0.0005981,0.001672,0.0006096
NHP-serum,402,I,V,0.0006096,0.001672,0.0006096
NHP-serum,403,R,A,0.001235,0.003641,0.001235
NHP-serum,403,R,K,0.0005437,0.003641,0.001235
NHP-serum,403,R,M,0.0005814,0.003641,0.001235
NHP-serum,403,R,S,0.0004805,0.003641,0.001235
NHP-serum,403,R,T,0.0008002,0.003641,0.001235
NHP-serum,404,G,A,0.0005793,0.002728,0.002149
NHP-serum,404,G,K,0.002149,0.002728,0.002149
NHP-serum,405,D,A,0.0005474,0.005418,0.001542
NHP-serum,405,D,E,0.000507,0.005418,0.001542
NHP-serum,405,D,K,0.001542,0.005418,0.001542
NHP-serum,405,D,L,0.0007281,0.005418,0.001542
NHP-serum,405,D,N,0.0004528,0.005418,0.001542
NHP-serum,405,D,R,0.0008823,0.005418,0.001542
NHP-serum,405,D,S,0.0007585,0.005418,0.001542
NHP-serum,406,E,D,0.001231,0.002025,0.001231
NHP-serum,406,E,Q,0.0003983,0.002025,0.001231
NHP-serum,406,E,W,0.000396,0.002025,0.001231
NHP-serum,407,V,I,0.0003767,0.001111,0.0007346
NHP-serum,407,V,L,0.0007346,0.001111,0.0007346
NHP-serum,408,R,A,0.0004475,0.007215,0.0008863
NHP-serum,408,R,C,0.0004259,0.007215,0.0008863
NHP-serum,408,R,E,0.0007043,0.007215,0.0008863
NHP-serum,408,R,F,0.0004451,0.007215,0.0008863
NHP-serum,408,R,G,0.0006931,0.007215,0.0008863
NHP-serum,408,R,H,0.0004727,0.007215,0.0008863
NHP-serum,408,R,K,0.0008863,0.007215,0.0008863
NHP-serum,408,R,L,0.0006128,0.007215,0.0008863
NHP-serum,408,R,P,0.0003447,0.007215,0.0008863
NHP-serum,408,R,S,0.0005855,0.007215,0.0008863
NHP-serum,408,R,T,0.0004059,0.007215,0.0008863
NHP-serum,408,R,V,0.0006478,0.007215,0.0008863
NHP-serum,408,R,W,0.0005435,0.007215,0.0008863
NHP-serum,409,Q,E,0.0006329,0.0006329,0.0006329
NHP-serum,410,I,V,0.0002769,0.0002769,0.0002769
NHP-serum,411,A,E,0.0006829,0.00255,0.0006829
NHP-serum,411,A,G,0.0005592,0.00255,0.0006829
NHP-serum,411,A,Q,0.0004332,0.00255,0.0006829
NHP-serum,411,A,R,0.0003774,0.00255,0.0006829
NHP-serum,411,A,S,0.0004978,0.00255,0.0006829
NHP-serum,413,G,A,0.0005193,0.009414,0.001159
NHP-serum,413,G,C,0.0007537,0.009414,0.001159
NHP-serum,413,G,F,0.0007357,0.009414,0.001159
NHP-serum,413,G,H,0.0005816,0.009414,0.001159
NHP-serum,413,G,K,0.0006515,0.009414,0.001159
NHP-serum,413,G,L,0.0006049,0.009414,0.001159
NHP-serum,413,G,M,0.0005852,0.009414,0.001159
NHP-serum,413,G,N,0.001159,0.009414,0.001159
NHP-serum,413,G,Q,0.0009868,0.009414,0.001159
NHP-serum,413,G,R,0.00103,0.009414,0.001159
NHP-serum,413,G,S,0.001149,0.009414,0.001159
NHP-serum,413,G,Y,0.0006572,0.009414,0.001159
NHP-serum,414,Q,A,0.0012,0.008028,0.0012
NHP-serum,414,Q,C,0.000666,0.008028,0.0012
NHP-serum,414,Q,E,0.0007795,0.008028,0.0012
NHP-serum,414,Q,G,0.0004761,0.008028,0.0012
NHP-serum,414,Q,I,0.0005296,0.008028,0.0012
NHP-serum,414,Q,K,0.001192,0.008028,0.0012
NHP-serum,414,Q,M,0.0005865,0.008028,0.0012
NHP-serum,414,Q,R,0.0007669,0.008028,0.0012
NHP-serum,414,Q,S,0.0006026,0.008028,0.0012
NHP-serum,414,Q,T,0.000425,0.008028,0.0012
NHP-serum,414,Q,V,0.000805,0.008028,0.0012
NHP-serum,415,T,A,0.0006965,0.01237,0.002046
NHP-serum,415,T,D,0.001437,0.01237,0.002046
NHP-serum,415,T,E,0.0005471,0.01237,0.002046
NHP-serum,415,T,G,0.0005701,0.01237,0.002046
NHP-serum,415,T,H,0.001148,0.01237,0.002046
NHP-serum,415,T,I,0.002046,0.01237,0.002046
NHP-serum,415,T,K,0.0005346,0.01237,0.002046
NHP-serum,415,T,M,0.0005029,0.01237,0.002046
NHP-serum,415,T,N,0.0006923,0.01237,0.002046
NHP-serum,415,T,Q,0.00072,0.01237,0.002046
NHP-serum,415,T,R,0.001163,0.01237,0.002046
NHP-serum,415,T,S,0.0008889,0.01237,0.002046
NHP-serum,415,T,V,0.0006848,0.01237,0.002046
NHP-serum,415,T,Y,0.0007371,0.01237,0.002046
NHP-serum,417,K,A,0.0007562,0.01506,0.00173
NHP-serum,417,K,C,0.0005042,0.01506,0.00173
NHP-serum,417,K,D,0.0005741,0.01506,0.00173
NHP-serum,417,K,E,0.001289,0.01506,0.00173
NHP-serum,417,K,F,0.0009999,0.01506,0.00173
NHP-serum,417,K,G,0.0006621,0.01506,0.00173
NHP-serum,417,K,H,0.001021,0.01506,0.00173
NHP-serum,417,K,I,0.001341,0.01506,0.00173
NHP-serum,417,K,L,0.0005172,0.01506,0.00173
NHP-serum,417,K,M,0.0006622,0.01506,0.00173
NHP-serum,417,K,N,0.000687,0.01506,0.00173
NHP-serum,417,K,P,0.000381,0.01506,0.00173
NHP-serum,417,K,Q,0.0005138,0.01506,0.00173
NHP-serum,417,K,R,0.0004911,0.01506,0.00173
NHP-serum,417,K,S,0.0009866,0.01506,0.00173
NHP-serum,417,K,T,0.0005256,0.01506,0.00173
NHP-serum,417,K,V,0.000665,0.01506,0.00173
NHP-serum,417,K,W,0.0007479,0.01506,0.00173
NHP-serum,417,K,Y,0.00173,0.01506,0.00173
NHP-serum,418,I,V,0.0007216,0.0007216,0.0007216
NHP-serum,419,A,P,0.0003836,0.0009067,0.0005231
NHP-serum,419,A,S,0.0005231,0.0009067,0.0005231
NHP-serum,420,D,A,0.0004803,0.005028,0.0009633
NHP-serum,420,D,E,0.000437,0.005028,0.0009633
NHP-serum,420,D,K,0.0009282,0.005028,0.0009633
NHP-serum,420,D,M,0.0005022,0.005028,0.0009633
NHP-serum,420,D,N,0.0006344,0.005028,0.0009633
NHP-serum,420,D,Q,0.0009633,0.005028,0.0009633
NHP-serum,420,D,R,0.0005071,0.005028,0.0009633
NHP-serum,420,D,S,0.0005758,0.005028,0.0009633
NHP-serum,421,Y,F,0.001348,0.003523,0.001348
NHP-serum,421,Y,L,0.0006656,0.003523,0.001348
NHP-serum,421,Y,M,0.0009516,0.003523,0.001348
NHP-serum,421,Y,W,0.0005586,0.003523,0.001348
NHP-serum,424,K,H,0.0004304,0.001234,0.0008035
NHP-serum,424,K,R,0.0008035,0.001234,0.0008035
NHP-serum,425,L,I,0.0004894,0.002245,0.001213
NHP-serum,425,L,M,0.001213,0.002245,0.001213
NHP-serum,425,L,V,0.0005422,0.002245,0.001213
NHP-serum,427,D,A,0.000804,0.01482,0.001818
NHP-serum,427,D,E,0.0003314,0.01482,0.001818
NHP-serum,427,D,F,0.0009066,0.01482,0.001818
NHP-serum,427,D,G,0.000947,0.01482,0.001818
NHP-serum,427,D,H,0.001129,0.01482,0.001818
NHP-serum,427,D,I,0.001717,0.01482,0.001818
NHP-serum,427,D,K,0.0004185,0.01482,0.001818
NHP-serum,427,D,L,0.0004377,0.01482,0.001818
NHP-serum,427,D,M,0.001085,0.01482,0.001818
NHP-serum,427,D,N,0.0007135,0.01482,0.001818
NHP-serum,427,D,P,0.0005461,0.01482,0.001818
NHP-serum,427,D,Q,0.0005079,0.01482,0.001818
NHP-serum,427,D,R,0.0004635,0.01482,0.001818
NHP-serum,427,D,S,0.0006303,0.01482,0.001818
NHP-serum,427,D,T,0.0008925,0.01482,0.001818
NHP-serum,427,D,V,0.001818,0.01482,0.001818
NHP-serum,427,D,W,0.0008994,0.01482,0.001818
NHP-serum,427,D,Y,0.0005696,0.01482,0.001818
NHP-serum,428,D,A,0.001137,0.01288,0.003058
NHP-serum,428,D,E,0.001694,0.01288,0.003058
NHP-serum,428,D,G,0.001227,0.01288,0.003058
NHP-serum,428,D,H,0.003058,0.01288,0.003058
NHP-serum,428,D,K,0.000626,0.01288,0.003058
NHP-serum,428,D,N,0.0005466,0.01288,0.003058
NHP-serum,428,D,P,0.000921,0.01288,0.003058
NHP-serum,428,D,Q,0.0007736,0.01288,0.003058
NHP-serum,428,D,R,0.0008648,0.01288,0.003058
NHP-serum,428,D,S,0.001132,0.01288,0.003058
NHP-serum,428,D,T,0.0008978,0.01288,0.003058
NHP-serum,429,F,W,0.0005002,0.0005002,0.0005002
NHP-serum,430,T,A,0.00415,0.0186,0.00415
NHP-serum,430,T,C,0.001638,0.0186,0.00415
NHP-serum,430,T,F,0.0005405,0.0186,0.00415
NHP-serum,430,T,H,0.00181,0.0186,0.00415
NHP-serum,430,T,I,0.0008035,0.0186,0.00415
NHP-serum,430,T,K,0.0005566,0.0186,0.00415
NHP-serum,430,T,L,0.0006404,0.0186,0.00415
NHP-serum,430,T,M,0.0007276,0.0186,0.00415
NHP-serum,430,T,N,0.0005877,0.0186,0.00415
NHP-serum,430,T,Q,0.0005908,0.0186,0.00415
NHP-serum,430,T,R,0.001156,0.0186,0.00415
NHP-serum,430,T,S,0.001051,0.0186,0.00415
NHP-serum,430,T,V,0.000621,0.0186,0.00415
NHP-serum,430,T,W,0.002041,0.0186,0.00415
NHP-serum,430,T,Y,0.001686,0.0186,0.00415
NHP-serum,433,V,I,0.0007793,0.0007793,0.0007793
NHP-serum,434,I,F,0.0007813,0.007837,0.002847
NHP-serum,434,I,L,0.00142,0.007837,0.002847
NHP-serum,434,I,M,0.0008292,0.007837,0.002847
NHP-serum,434,I,V,0.001156,0.007837,0.002847
NHP-serum,434,I,W,0.0008034,0.007837,0.002847
NHP-serum,434,I,Y,0.002847,0.007837,0.002847
NHP-serum,435,A,S,0.00103,0.001793,0.00103
NHP-serum,435,A,T,0.0007631,0.001793,0.00103
NHP-serum,437,N,P,0.0008666,0.0008666,0.0008666
NHP-serum,438,S,A,0.001903,0.002474,0.001903
NHP-serum,438,S,T,0.0005706,0.002474,0.001903
NHP-serum,439,N,D,0.0005335,0.01308,0.005791
NHP-serum,439,N,H,0.005791,0.01308,0.005791
NHP-serum,439,N,K,0,0.01308,0.005791
NHP-serum,439,N,L,0.0004038,0.01308,0.005791
NHP-serum,439,N,M,0.000604,0.01308,0.005791
NHP-serum,439,N,Q,0.001319,0.01308,0.005791
NHP-serum,439,N,S,0.000816,0.01308,0.005791
NHP-serum,439,N,T,0.002266,0.01308,0.005791
NHP-serum,439,N,V,0.0008365,0.01308,0.005791
NHP-serum,439,N,Y,0.000507,0.01308,0.005791
NHP-serum,440,N,A,0.001666,0.01346,0.00237
NHP-serum,440,N,C,0.0005086,0.01346,0.00237
NHP-serum,440,N,D,0.0004232,0.01346,0.00237
NHP-serum,440,N,E,0.0005864,0.01346,0.00237
NHP-serum,440,N,F,0.00237,0.01346,0.00237
NHP-serum,440,N,G,0.0007527,0.01346,0.00237
NHP-serum,440,N,H,0.0004125,0.01346,0.00237
NHP-serum,440,N,I,0.0006141,0.01346,0.00237
NHP-serum,440,N,K,0.0005486,0.01346,0.00237
NHP-serum,440,N,L,0.0005854,0.01346,0.00237
NHP-serum,440,N,M,0.000246,0.01346,0.00237
NHP-serum,440,N,P,0.0005739,0.01346,0.00237
NHP-serum,440,N,Q,0.0005998,0.01346,0.00237
NHP-serum,440,N,R,0.0009808,0.01346,0.00237
NHP-serum,440,N,S,0.0008953,0.01346,0.00237
NHP-serum,440,N,T,0.0007662,0.01346,0.00237
NHP-serum,440,N,V,0.0005361,0.01346,0.00237
NHP-serum,440,N,Y,0.0003892,0.01346,0.00237
NHP-serum,441,L,A,0.0003998,0.005284,0.0008409
NHP-serum,441,L,F,0.0005004,0.005284,0.0008409
NHP-serum,441,L,H,0.0004449,0.005284,0.0008409
NHP-serum,441,L,I,0.0006535,0.005284,0.0008409
NHP-serum,441,L,Q,0.0006105,0.005284,0.0008409
NHP-serum,441,L,R,0.0008076,0.005284,0.0008409
NHP-serum,441,L,S,0.0005729,0.005284,0.0008409
NHP-serum,441,L,V,0.0008409,0.005284,0.0008409
NHP-serum,441,L,W,0.0004532,0.005284,0.0008409
NHP-serum,443,S,A,0.0005186,0.004655,0.001393
NHP-serum,443,S,C,0.000452,0.004655,0.001393
NHP-serum,443,S,G,0.0004517,0.004655,0.001393
NHP-serum,443,S,N,0.000372,0.004655,0.001393
NHP-serum,443,S,Q,0.0004644,0.004655,0.001393
NHP-serum,443,S,T,0.0005331,0.004655,0.001393
NHP-serum,443,S,V,0.001393,0.004655,0.001393
NHP-serum,443,S,Y,0.0004695,0.004655,0.001393
NHP-serum,444,K,A,0.0005799,0.02376,0.00537
NHP-serum,444,K,C,0.001025,0.02376,0.00537
NHP-serum,444,K,D,0.00537,0.02376,0.00537
NHP-serum,444,K,E,0.0009131,0.02376,0.00537
NHP-serum,444,K,F,0.0004773,0.02376,0.00537
NHP-serum,444,K,G,0.001093,0.02376,0.00537
NHP-serum,444,K,H,0.001432,0.02376,0.00537
NHP-serum,444,K,I,0.0008371,0.02376,0.00537
NHP-serum,444,K,L,0.000601,0.02376,0.00537
NHP-serum,444,K,M,0.0006731,0.02376,0.00537
NHP-serum,444,K,N,0.001773,0.02376,0.00537
NHP-serum,444,K,P,0.00163,0.02376,0.00537
NHP-serum,444,K,Q,0.0007213,0.02376,0.00537
NHP-serum,444,K,R,0.000522,0.02376,0.00537
NHP-serum,444,K,S,0.0005377,0.02376,0.00537
NHP-serum,444,K,T,0.00107,0.02376,0.00537
NHP-serum,444,K,V,0.002103,0.02376,0.00537
NHP-serum,444,K,W,0.001664,0.02376,0.00537
NHP-serum,444,K,Y,0.0007395,0.02376,0.00537
NHP-serum,445,V,A,0.0006672,0.01209,0.001976
NHP-serum,445,V,C,0.0007555,0.01209,0.001976
NHP-serum,445,V,D,0.0003926,0.01209,0.001976
NHP-serum,445,V,E,0.0006352,0.01209,0.001976
NHP-serum,445,V,F,0.0003175,0.01209,0.001976
NHP-serum,445,V,G,0.0006884,0.01209,0.001976
NHP-serum,445,V,H,0.0005454,0.01209,0.001976
NHP-serum,445,V,I,0.001976,0.01209,0.001976
NHP-serum,445,V,K,0.0003947,0.01209,0.001976
NHP-serum,445,V,L,0.0005874,0.01209,0.001976
NHP-serum,445,V,M,0.0006369,0.01209,0.001976
NHP-serum,445,V,N,0.0005192,0.01209,0.001976
NHP-serum,445,V,P,0.000601,0.01209,0.001976
NHP-serum,445,V,Q,0.0005431,0.01209,0.001976
NHP-serum,445,V,R,0.0004866,0.01209,0.001976
NHP-serum,445,V,S,0.0005163,0.01209,0.001976
NHP-serum,445,V,T,0.0004854,0.01209,0.001976
NHP-serum,445,V,W,0.0007843,0.01209,0.001976
NHP-serum,445,V,Y,0.0005618,0.01209,0.001976
NHP-serum,446,G,A,0.0008458,0.01422,0.001687
NHP-serum,446,G,C,0.0004004,0.01422,0.001687
NHP-serum,446,G,D,0.0004287,0.01422,0.001687
NHP-serum,446,G,E,0.0004734,0.01422,0.001687
NHP-serum,446,G,F,0.0008271,0.01422,0.001687
NHP-serum,446,G,H,0.001128,0.01422,0.001687
NHP-serum,446,G,I,0.001687,0.01422,0.001687
NHP-serum,446,G,K,0.0005554,0.01422,0.001687
NHP-serum,446,G,L,0.0006802,0.01422,0.001687
NHP-serum,446,G,M,0.0004671,0.01422,0.001687
NHP-serum,446,G,N,0.0007452,0.01422,0.001687
NHP-serum,446,G,P,0.0004657,0.01422,0.001687
NHP-serum,446,G,Q,0.001623,0.01422,0.001687
NHP-serum,446,G,R,0.001017,0.01422,0.001687
NHP-serum,446,G,S,0.0006877,0.01422,0.001687
NHP-serum,446,G,T,0.0006457,0.01422,0.001687
NHP-serum,446,G,V,0.0005484,0.01422,0.001687
NHP-serum,446,G,W,0.0005498,0.01422,0.001687
NHP-serum,446,G,Y,0.0004404,0.01422,0.001687
NHP-serum,447,G,A,0.0009747,0.01989,0.003723
NHP-serum,447,G,C,0.0005283,0.01989,0.003723
NHP-serum,447,G,D,0.002131,0.01989,0.003723
NHP-serum,447,G,E,0.002646,0.01989,0.003723
NHP-serum,447,G,F,0.00117,0.01989,0.003723
NHP-serum,447,G,H,0.0006344,0.01989,0.003723
NHP-serum,447,G,I,0.0007194,0.01989,0.003723
NHP-serum,447,G,K,0.0004962,0.01989,0.003723
NHP-serum,447,G,L,0.00071,0.01989,0.003723
NHP-serum,447,G,M,0.001112,0.01989,0.003723
NHP-serum,447,G,N,0.0006459,0.01989,0.003723
NHP-serum,447,G,P,0.0006156,0.01989,0.003723
NHP-serum,447,G,Q,0.001085,0.01989,0.003723
NHP-serum,447,G,R,0.0005705,0.01989,0.003723
NHP-serum,447,G,S,0.0005053,0.01989,0.003723
NHP-serum,447,G,T,0.003723,0.01989,0.003723
NHP-serum,447,G,V,0.000927,0.01989,0.003723
NHP-serum,447,G,Y,0.0007003,0.01989,0.003723
NHP-serum,448,N,A,0.0006857,0.01444,0.004861
NHP-serum,448,N,C,0.004861,0.01444,0.004861
NHP-serum,448,N,D,0.000546,0.01444,0.004861
NHP-serum,448,N,E,0.0006318,0.01444,0.004861
NHP-serum,448,N,G,0.001431,0.01444,0.004861
NHP-serum,448,N,H,0.0004049,0.01444,0.004861
NHP-serum,448,N,K,0.0009905,0.01444,0.004861
NHP-serum,448,N,P,0.001163,0.01444,0.004861
NHP-serum,448,N,Q,0.000467,0.01444,0.004861
NHP-serum,448,N,R,0.0005036,0.01444,0.004861
NHP-serum,448,N,S,0.0005024,0.01444,0.004861
NHP-serum,448,N,T,0.001045,0.01444,0.004861
NHP-serum,448,N,V,0.0005567,0.01444,0.004861
NHP-serum,448,N,Y,0.0006557,0.01444,0.004861
NHP-serum,449,Y,A,0.0007971,0.01475,0.001178
NHP-serum,449,Y,C,0.001043,0.01475,0.001178
NHP-serum,449,Y,D,0.001178,0.01475,0.001178
NHP-serum,449,Y,E,0.0006146,0.01475,0.001178
NHP-serum,449,Y,F,0.0004268,0.01475,0.001178
NHP-serum,449,Y,G,0.0008382,0.01475,0.001178
NHP-serum,449,Y,H,0.0008729,0.01475,0.001178
NHP-serum,449,Y,I,0.0004556,0.01475,0.001178
NHP-serum,449,Y,K,0.0009029,0.01475,0.001178
NHP-serum,449,Y,L,0.001006,0.01475,0.001178
NHP-serum,449,Y,M,0.000692,0.01475,0.001178
NHP-serum,449,Y,N,0.0008876,0.01475,0.001178
NHP-serum,449,Y,P,0.0005099,0.01475,0.001178
NHP-serum,449,Y,Q,0.0007255,0.01475,0.001178
NHP-serum,449,Y,R,0.0007584,0.01475,0.001178
NHP-serum,449,Y,S,0.0006131,0.01475,0.001178
NHP-serum,449,Y,T,0.001098,0.01475,0.001178
NHP-serum,449,Y,V,0.0007787,0.01475,0.001178
NHP-serum,449,Y,W,0.0005544,0.01475,0.001178
NHP-serum,450,N,A,0.0009393,0.02345,0.005664
NHP-serum,450,N,C,0.003221,0.02345,0.005664
NHP-serum,450,N,D,0.0005453,0.02345,0.005664
NHP-serum,450,N,E,0.0005993,0.02345,0.005664
NHP-serum,450,N,F,0.001662,0.02345,0.005664
NHP-serum,450,N,G,0.0006556,0.02345,0.005664
NHP-serum,450,N,H,0.001414,0.02345,0.005664
NHP-serum,450,N,I,0.001652,0.02345,0.005664
NHP-serum,450,N,K,0.00046,0.02345,0.005664
NHP-serum,450,N,L,0.0007491,0.02345,0.005664
NHP-serum,450,N,M,0.0004903,0.02345,0.005664
NHP-serum,450,N,P,0.0008321,0.02345,0.005664
NHP-serum,450,N,Q,0.0003657,0.02345,0.005664
NHP-serum,450,N,R,0.005664,0.02345,0.005664
NHP-serum,450,N,S,0.0005003,0.02345,0.005664
NHP-serum,450,N,T,0.001397,0.02345,0.005664
NHP-serum,450,N,V,0.0009758,0.02345,0.005664
NHP-serum,450,N,W,0.0005648,0.02345,0.005664
NHP-serum,450,N,Y,0.0007643,0.02345,0.005664
NHP-serum,451,Y,F,0.000846,0.004629,0.001386
NHP-serum,451,Y,H,0.0006519,0.004629,0.001386
NHP-serum,451,Y,I,0.0005939,0.004629,0.001386
NHP-serum,451,Y,L,0.0004871,0.004629,0.001386
NHP-serum,451,Y,M,0.0006644,0.004629,0.001386
NHP-serum,451,Y,Q,0.001386,0.004629,0.001386
NHP-serum,452,L,A,0.002056,0.01714,0.002787
NHP-serum,452,L,C,0.0005823,0.01714,0.002787
NHP-serum,452,L,D,0.0008509,0.01714,0.002787
NHP-serum,452,L,E,0.0006091,0.01714,0.002787
NHP-serum,452,L,F,0.000644,0.01714,0.002787
NHP-serum,452,L,G,0.002787,0.01714,0.002787
NHP-serum,452,L,H,0.0007159,0.01714,0.002787
NHP-serum,452,L,I,0.0004739,0.01714,0.002787
NHP-serum,452,L,K,0.0009013,0.01714,0.002787
NHP-serum,452,L,M,0.0007554,0.01714,0.002787
NHP-serum,452,L,N,0.001573,0.01714,0.002787
NHP-serum,452,L,Q,0.0008051,0.01714,0.002787
NHP-serum,452,L,R,0.000422,0.01714,0.002787
NHP-serum,452,L,S,0.0008535,0.01714,0.002787
NHP-serum,452,L,T,0.001013,0.01714,0.002787
NHP-serum,452,L,V,0.000724,0.01714,0.002787
NHP-serum,452,L,W,0.0008872,0.01714,0.002787
NHP-serum,452,L,Y,0.0004856,0.01714,0.002787
NHP-serum,453,Y,A,0.0002588,0.004703,0.0009392
NHP-serum,453,Y,F,0.0008544,0.004703,0.0009392
NHP-serum,453,Y,H,0.000502,0.004703,0.0009392
NHP-serum,453,Y,K,0.0004972,0.004703,0.0009392
NHP-serum,453,Y,M,0.0004862,0.004703,0.0009392
NHP-serum,453,Y,R,0.0006205,0.004703,0.0009392
NHP-serum,453,Y,S,0.0009392,0.004703,0.0009392
NHP-serum,453,Y,V,0.000545,0.004703,0.0009392
NHP-serum,455,L,A,0.0006253,0.01181,0.001933
NHP-serum,455,L,C,0.0009201,0.01181,0.001933
NHP-serum,455,L,E,0.0004519,0.01181,0.001933
NHP-serum,455,L,F,0.0009142,0.01181,0.001933
NHP-serum,455,L,G,0.0006694,0.01181,0.001933
NHP-serum,455,L,H,0.0009071,0.01181,0.001933
NHP-serum,455,L,I,0.00148,0.01181,0.001933
NHP-serum,455,L,M,0.000371,0.01181,0.001933
NHP-serum,455,L,N,0.0001628,0.01181,0.001933
NHP-serum,455,L,P,0.0004502,0.01181,0.001933
NHP-serum,455,L,R,0.000954,0.01181,0.001933
NHP-serum,455,L,S,0.0009271,0.01181,0.001933
NHP-serum,455,L,T,0.0005062,0.01181,0.001933
NHP-serum,455,L,V,0.001933,0.01181,0.001933
NHP-serum,455,L,W,0.0001793,0.01181,0.001933
NHP-serum,455,L,Y,0.0003622,0.01181,0.001933
NHP-serum,456,F,A,0.003228,0.01839,0.006762
NHP-serum,456,F,C,0.0007296,0.01839,0.006762
NHP-serum,456,F,G,0.0006118,0.01839,0.006762
NHP-serum,456,F,H,0.0004267,0.01839,0.006762
NHP-serum,456,F,I,0.0004845,0.01839,0.006762
NHP-serum,456,F,K,0.0005875,0.01839,0.006762
NHP-serum,456,F,L,0.0004519,0.01839,0.006762
NHP-serum,456,F,M,0.001133,0.01839,0.006762
NHP-serum,456,F,Q,0.006762,0.01839,0.006762
NHP-serum,456,F,R,0.0006599,0.01839,0.006762
NHP-serum,456,F,T,0.0007999,0.01839,0.006762
NHP-serum,456,F,V,0.0003689,0.01839,0.006762
NHP-serum,456,F,W,0.001162,0.01839,0.006762
NHP-serum,456,F,Y,0.0009865,0.01839,0.006762
NHP-serum,458,K,A,0.0006046,0.02802,0.01497
NHP-serum,458,K,D,0.000541,0.02802,0.01497
NHP-serum,458,K,E,0.000797,0.02802,0.01497
NHP-serum,458,K,F,0.0004902,0.02802,0.01497
NHP-serum,458,K,G,0.0006945,0.02802,0.01497
NHP-serum,458,K,H,0.0003476,0.02802,0.01497
NHP-serum,458,K,I,0.01497,0.02802,0.01497
NHP-serum,458,K,L,0.0005599,0.02802,0.01497
NHP-serum,458,K,M,0.0006201,0.02802,0.01497
NHP-serum,458,K,N,0.0006471,0.02802,0.01497
NHP-serum,458,K,P,0.002278,0.02802,0.01497
NHP-serum,458,K,Q,0.0004493,0.02802,0.01497
NHP-serum,458,K,R,0.0008377,0.02802,0.01497
NHP-serum,458,K,S,0.0005136,0.02802,0.01497
NHP-serum,458,K,T,0.0003987,0.02802,0.01497
NHP-serum,458,K,V,0.001664,0.02802,0.01497
NHP-serum,458,K,W,0.0005801,0.02802,0.01497
NHP-serum,458,K,Y,0.001022,0.02802,0.01497
NHP-serum,459,S,A,0.0005032,0.01229,0.001227
NHP-serum,459,S,C,0.0007276,0.01229,0.001227
NHP-serum,459,S,D,0.0005724,0.01229,0.001227
NHP-serum,459,S,E,0.0004369,0.01229,0.001227
NHP-serum,459,S,F,0.0004403,0.01229,0.001227
NHP-serum,459,S,G,0.0005015,0.01229,0.001227
NHP-serum,459,S,H,0.0005154,0.01229,0.001227
NHP-serum,459,S,I,0.001227,0.01229,0.001227
NHP-serum,459,S,K,0.001009,0.01229,0.001227
NHP-serum,459,S,L,0.0005262,0.01229,0.001227
NHP-serum,459,S,M,0.0005989,0.01229,0.001227
NHP-serum,459,S,N,0.0005526,0.01229,0.001227
NHP-serum,459,S,P,0.000489,0.01229,0.001227
NHP-serum,459,S,Q,0.0005099,0.01229,0.001227
NHP-serum,459,S,R,0.0008139,0.01229,0.001227
NHP-serum,459,S,T,0.001166,0.01229,0.001227
NHP-serum,459,S,V,0.001147,0.01229,0.001227
NHP-serum,459,S,Y,0.0005523,0.01229,0.001227
NHP-serum,460,N,A,0.0003436,0.02161,0.006769
NHP-serum,460,N,C,0.000475,0.02161,0.006769
NHP-serum,460,N,D,0.0004718,0.02161,0.006769
NHP-serum,460,N,E,0.002543,0.02161,0.006769
NHP-serum,460,N,F,0.0009134,0.02161,0.006769
NHP-serum,460,N,G,0.0007605,0.02161,0.006769
NHP-serum,460,N,H,0.0008029,0.02161,0.006769
NHP-serum,460,N,I,0.0004399,0.02161,0.006769
NHP-serum,460,N,K,0.0004315,0.02161,0.006769
NHP-serum,460,N,L,0.0006351,0.02161,0.006769
NHP-serum,460,N,M,0.006769,0.02161,0.006769
NHP-serum,460,N,P,0.001011,0.02161,0.006769
NHP-serum,460,N,Q,0.000764,0.02161,0.006769
NHP-serum,460,N,R,0.001075,0.02161,0.006769
NHP-serum,460,N,S,0.0003797,0.02161,0.006769
NHP-serum,460,N,T,0.000515,0.02161,0.006769
NHP-serum,460,N,V,0.001813,0.02161,0.006769
NHP-serum,460,N,Y,0.001468,0.02161,0.006769
NHP-serum,461,L,I,0.0005384,0.001953,0.0009565
NHP-serum,461,L,M,0.0009565,0.001953,0.0009565
NHP-serum,461,L,V,0.0004579,0.001953,0.0009565
NHP-serum,462,K,A,0.0005569,0.01263,0.002433
NHP-serum,462,K,C,0.0004639,0.01263,0.002433
NHP-serum,462,K,D,0.0004302,0.01263,0.002433
NHP-serum,462,K,E,0.0009739,0.01263,0.002433
NHP-serum,462,K,F,0.000593,0.01263,0.002433
NHP-serum,462,K,G,0.0008348,0.01263,0.002433
NHP-serum,462,K,H,0.0006694,0.01263,0.002433
NHP-serum,462,K,I,0.0003623,0.01263,0.002433
NHP-serum,462,K,L,0.0005556,0.01263,0.002433
NHP-serum,462,K,M,0.002433,0.01263,0.002433
NHP-serum,462,K,N,0.0004824,0.01263,0.002433
NHP-serum,462,K,Q,0.0003974,0.01263,0.002433
NHP-serum,462,K,R,0.0007331,0.01263,0.002433
NHP-serum,462,K,S,0.0008894,0.01263,0.002433
NHP-serum,462,K,T,0.0006744,0.01263,0.002433
NHP-serum,462,K,V,0.0004284,0.01263,0.002433
NHP-serum,462,K,Y,0.001156,0.01263,0.002433
NHP-serum,463,P,A,0.0009262,0.0009262,0.0009262
NHP-serum,464,F,A,0.001098,0.00942,0.001701
NHP-serum,464,F,G,0.001268,0.00942,0.001701
NHP-serum,464,F,H,0.0009943,0.00942,0.001701
NHP-serum,464,F,L,0.0005242,0.00942,0.001701
NHP-serum,464,F,M,0.001701,0.00942,0.001701
NHP-serum,464,F,N,0.0008525,0.00942,0.001701
NHP-serum,464,F,Q,0.0004687,0.00942,0.001701
NHP-serum,464,F,S,0.001032,0.00942,0.001701
NHP-serum,464,F,W,0.0003827,0.00942,0.001701
NHP-serum,464,F,Y,0.001098,0.00942,0.001701
NHP-serum,465,E,D,0.0004936,0.002853,0.001019
NHP-serum,465,E,G,0.001019,0.002853,0.001019
NHP-serum,465,E,H,0.0009066,0.002853,0.001019
NHP-serum,465,E,Q,0.0004334,0.002853,0.001019
NHP-serum,466,R,H,0.000792,0.002406,0.0009195
NHP-serum,466,R,K,0.0009195,0.002406,0.0009195
NHP-serum,466,R,Q,0.0006945,0.002406,0.0009195
NHP-serum,468,I,A,0.00048,0.03044,0.01481
NHP-serum,468,I,C,0.001754,0.03044,0.01481
NHP-serum,468,I,D,0.004464,0.03044,0.01481
NHP-serum,468,I,E,0.0004947,0.03044,0.01481
NHP-serum,468,I,G,0.0005634,0.03044,0.01481
NHP-serum,468,I,H,0.002312,0.03044,0.01481
NHP-serum,468,I,K,0.000484,0.03044,0.01481
NHP-serum,468,I,L,0.0005864,0.03044,0.01481
NHP-serum,468,I,M,0.0006142,0.03044,0.01481
NHP-serum,468,I,N,0.01481,0.03044,0.01481
NHP-serum,468,I,P,0.0007248,0.03044,0.01481
NHP-serum,468,I,Q,0.000744,0.03044,0.01481
NHP-serum,468,I,R,0.0004763,0.03044,0.01481
NHP-serum,468,I,S,0.0004384,0.03044,0.01481
NHP-serum,468,I,T,0.0005023,0.03044,0.01481
NHP-serum,468,I,V,0.0005163,0.03044,0.01481
NHP-serum,468,I,Y,0.0004808,0.03044,0.01481
NHP-serum,469,S,A,0.0004341,0.008885,0.002215
NHP-serum,469,S,C,0.001688,0.008885,0.002215
NHP-serum,469,S,D,0.000615,0.008885,0.002215
NHP-serum,469,S,E,0.0005555,0.008885,0.002215
NHP-serum,469,S,G,0.0007222,0.008885,0.002215
NHP-serum,469,S,K,0.0004796,0.008885,0.002215
NHP-serum,469,S,N,0.0004579,0.008885,0.002215
NHP-serum,469,S,Q,0.002215,0.008885,0.002215
NHP-serum,469,S,R,0.001286,0.008885,0.002215
NHP-serum,469,S,T,0.0004313,0.008885,0.002215
NHP-serum,470,T,A,0.0005311,0.01708,0.004769
NHP-serum,470,T,C,0.0006488,0.01708,0.004769
NHP-serum,470,T,D,0.0005557,0.01708,0.004769
NHP-serum,470,T,E,0.001568,0.01708,0.004769
NHP-serum,470,T,F,0.0006547,0.01708,0.004769
NHP-serum,470,T,G,0.0007528,0.01708,0.004769
NHP-serum,470,T,H,0.001173,0.01708,0.004769
NHP-serum,470,T,I,0.0004063,0.01708,0.004769
NHP-serum,470,T,K,0.001306,0.01708,0.004769
NHP-serum,470,T,L,0.0005625,0.01708,0.004769
NHP-serum,470,T,M,0.0004131,0.01708,0.004769
NHP-serum,470,T,N,0.001078,0.01708,0.004769
NHP-serum,470,T,Q,0.004769,0.01708,0.004769
NHP-serum,470,T,R,0.0004972,0.01708,0.004769
NHP-serum,470,T,S,0.000561,0.01708,0.004769
NHP-serum,470,T,V,0.0008089,0.01708,0.004769
NHP-serum,470,T,Y,0.0007983,0.01708,0.004769
NHP-serum,471,E,A,0.0008254,0.01814,0.001977
NHP-serum,471,E,C,0.001002,0.01814,0.001977
NHP-serum,471,E,D,0.0009353,0.01814,0.001977
NHP-serum,471,E,F,0.0008965,0.01814,0.001977
NHP-serum,471,E,G,0.0006951,0.01814,0.001977
NHP-serum,471,E,H,0.0005693,0.01814,0.001977
NHP-serum,471,E,I,0.001223,0.01814,0.001977
NHP-serum,471,E,K,0.001801,0.01814,0.001977
NHP-serum,471,E,L,0.001514,0.01814,0.001977
NHP-serum,471,E,M,0.0009297,0.01814,0.001977
NHP-serum,471,E,N,0.001977,0.01814,0.001977
NHP-serum,471,E,P,0.0007493,0.01814,0.001977
NHP-serum,471,E,Q,0.000803,0.01814,0.001977
NHP-serum,471,E,R,0.001249,0.01814,0.001977
NHP-serum,471,E,S,0.0006462,0.01814,0.001977
NHP-serum,471,E,T,0.00123,0.01814,0.001977
NHP-serum,471,E,V,0.0006794,0.01814,0.001977
NHP-serum,471,E,Y,0.0004154,0.01814,0.001977
NHP-serum,472,I,A,0.0009051,0.01101,0.002006
NHP-serum,472,I,C,0.0002083,0.01101,0.002006
NHP-serum,472,I,D,0.0004032,0.01101,0.002006
NHP-serum,472,I,E,0.0004426,0.01101,0.002006
NHP-serum,472,I,F,0.0004033,0.01101,0.002006
NHP-serum,472,I,G,0.0004407,0.01101,0.002006
NHP-serum,472,I,H,0.0006547,0.01101,0.002006
NHP-serum,472,I,K,0.0006079,0.01101,0.002006
NHP-serum,472,I,L,0.0005477,0.01101,0.002006
NHP-serum,472,I,M,0.0006789,0.01101,0.002006
NHP-serum,472,I,N,0.001062,0.01101,0.002006
NHP-serum,472,I,P,0.0002883,0.01101,0.002006
NHP-serum,472,I,Q,0.0003449,0.01101,0.002006
NHP-serum,472,I,S,0.000469,0.01101,0.002006
NHP-serum,472,I,T,0.0004419,0.01101,0.002006
NHP-serum,472,I,V,0.0007125,0.01101,0.002006
NHP-serum,472,I,W,0.0003934,0.01101,0.002006
NHP-serum,472,I,Y,0.002006,0.01101,0.002006
NHP-serum,473,Y,A,0.0003943,0.01028,0.001961
NHP-serum,473,Y,C,0.0006177,0.01028,0.001961
NHP-serum,473,Y,E,0.0008237,0.01028,0.001961
NHP-serum,473,Y,F,0.0004826,0.01028,0.001961
NHP-serum,473,Y,H,0.001961,0.01028,0.001961
NHP-serum,473,Y,I,0.0004377,0.01028,0.001961
NHP-serum,473,Y,L,0.0005379,0.01028,0.001961
NHP-serum,473,Y,M,0.001106,0.01028,0.001961
NHP-serum,473,Y,N,0.00125,0.01028,0.001961
NHP-serum,473,Y,Q,0.0006994,0.01028,0.001961
NHP-serum,473,Y,S,0.000409,0.01028,0.001961
NHP-serum,473,Y,T,0.000399,0.01028,0.001961
NHP-serum,473,Y,V,0.0008108,0.01028,0.001961
NHP-serum,473,Y,W,0.0003495,0.01028,0.001961
NHP-serum,474,Q,A,0,0.009222,0.001746
NHP-serum,474,Q,D,0.0004517,0.009222,0.001746
NHP-serum,474,Q,E,0.00046,0.009222,0.001746
NHP-serum,474,Q,G,0.0005445,0.009222,0.001746
NHP-serum,474,Q,H,0.00113,0.009222,0.001746
NHP-serum,474,Q,K,0.0006453,0.009222,0.001746
NHP-serum,474,Q,M,0.0004408,0.009222,0.001746
NHP-serum,474,Q,N,0.001746,0.009222,0.001746
NHP-serum,474,Q,P,0.000949,0.009222,0.001746
NHP-serum,474,Q,R,0.0007745,0.009222,0.001746
NHP-serum,474,Q,S,0.0004508,0.009222,0.001746
NHP-serum,474,Q,T,0.0007595,0.009222,0.001746
NHP-serum,474,Q,V,0.0008701,0.009222,0.001746
NHP-serum,475,A,C,0.0007924,0.01835,0.006598
NHP-serum,475,A,D,0.0007318,0.01835,0.006598
NHP-serum,475,A,E,0.0005256,0.01835,0.006598
NHP-serum,475,A,F,0.000751,0.01835,0.006598
NHP-serum,475,A,G,0.0007337,0.01835,0.006598
NHP-serum,475,A,I,0.0007344,0.01835,0.006598
NHP-serum,475,A,K,0.006598,0.01835,0.006598
NHP-serum,475,A,L,0.0007539,0.01835,0.006598
NHP-serum,475,A,M,0.0004378,0.01835,0.006598
NHP-serum,475,A,N,0.0004964,0.01835,0.006598
NHP-serum,475,A,Q,0.0007096,0.01835,0.006598
NHP-serum,475,A,R,0.0006618,0.01835,0.006598
NHP-serum,475,A,S,0.0006228,0.01835,0.006598
NHP-serum,475,A,T,0.001635,0.01835,0.006598
NHP-serum,475,A,V,0.001645,0.01835,0.006598
NHP-serum,475,A,Y,0.0005234,0.01835,0.006598
NHP-serum,476,G,A,0.002454,0.01259,0.00364
NHP-serum,476,G,D,0.0005152,0.01259,0.00364
NHP-serum,476,G,E,0.0004086,0.01259,0.00364
NHP-serum,476,G,H,0.0009515,0.01259,0.00364
NHP-serum,476,G,K,0.0006299,0.01259,0.00364
NHP-serum,476,G,N,0.0006273,0.01259,0.00364
NHP-serum,476,G,Q,0.001747,0.01259,0.00364
NHP-serum,476,G,R,0.0005226,0.01259,0.00364
NHP-serum,476,G,S,0.00364,0.01259,0.00364
NHP-serum,476,G,T,0.001096,0.01259,0.00364
NHP-serum,477,S,A,0.0006178,0.01747,0.006214
NHP-serum,477,S,C,0.006214,0.01747,0.006214
NHP-serum,477,S,D,0.0004069,0.01747,0.006214
NHP-serum,477,S,F,0.0005654,0.01747,0.006214
NHP-serum,477,S,G,0.0004166,0.01747,0.006214
NHP-serum,477,S,H,0.001152,0.01747,0.006214
NHP-serum,477,S,I,0.0007633,0.01747,0.006214
NHP-serum,477,S,L,0.0005309,0.01747,0.006214
NHP-serum,477,S,N,0.0004736,0.01747,0.006214
NHP-serum,477,S,P,0.0007003,0.01747,0.006214
NHP-serum,477,S,Q,0.002276,0.01747,0.006214
NHP-serum,477,S,R,0.0003937,0.01747,0.006214
NHP-serum,477,S,T,0.0006588,0.01747,0.006214
NHP-serum,477,S,V,0.0004199,0.01747,0.006214
NHP-serum,477,S,W,0.001438,0.01747,0.006214
NHP-serum,477,S,Y,0.0004473,0.01747,0.006214
NHP-serum,478,T,A,0.004321,0.01669,0.004321
NHP-serum,478,T,C,0.0008611,0.01669,0.004321
NHP-serum,478,T,D,0.0003842,0.01669,0.004321
NHP-serum,478,T,E,0.0004588,0.01669,0.004321
NHP-serum,478,T,F,0.0005344,0.01669,0.004321
NHP-serum,478,T,G,0.0008176,0.01669,0.004321
NHP-serum,478,T,H,0.0004696,0.01669,0.004321
NHP-serum,478,T,I,0.0005254,0.01669,0.004321
NHP-serum,478,T,K,0.0006283,0.01669,0.004321
NHP-serum,478,T,L,0.0007589,0.01669,0.004321
NHP-serum,478,T,M,0.0005048,0.01669,0.004321
NHP-serum,478,T,N,0.001775,0.01669,0.004321
NHP-serum,478,T,P,0.0005853,0.01669,0.004321
NHP-serum,478,T,Q,0.0005898,0.01669,0.004321
NHP-serum,478,T,R,0.0005233,0.01669,0.004321
NHP-serum,478,T,S,0.0005377,0.01669,0.004321
NHP-serum,478,T,V,0.001361,0.01669,0.004321
NHP-serum,478,T,W,0.0004653,0.01669,0.004321
NHP-serum,478,T,Y,0.0005849,0.01669,0.004321
NHP-serum,479,P,A,0.0006978,0.01807,0.003984
NHP-serum,479,P,C,0.0013,0.01807,0.003984
NHP-serum,479,P,D,0.0006987,0.01807,0.003984
NHP-serum,479,P,E,0.0004101,0.01807,0.003984
NHP-serum,479,P,F,0.001291,0.01807,0.003984
NHP-serum,479,P,G,0.0004489,0.01807,0.003984
NHP-serum,479,P,H,0.002155,0.01807,0.003984
NHP-serum,479,P,I,0.0006437,0.01807,0.003984
NHP-serum,479,P,K,0.0004505,0.01807,0.003984
NHP-serum,479,P,L,0.0005825,0.01807,0.003984
NHP-serum,479,P,M,0.001161,0.01807,0.003984
NHP-serum,479,P,N,0.0005378,0.01807,0.003984
NHP-serum,479,P,Q,0.001393,0.01807,0.003984
NHP-serum,479,P,R,0.003984,0.01807,0.003984
NHP-serum,479,P,S,0.000776,0.01807,0.003984
NHP-serum,479,P,T,0.0004884,0.01807,0.003984
NHP-serum,479,P,V,0.0005419,0.01807,0.003984
NHP-serum,479,P,Y,0.0005118,0.01807,0.003984
NHP-serum,481,N,A,0.000241,0.01516,0.003702
NHP-serum,481,N,C,0.0009506,0.01516,0.003702
NHP-serum,481,N,D,0.0005757,0.01516,0.003702
NHP-serum,481,N,E,0.0009688,0.01516,0.003702
NHP-serum,481,N,F,0.0003698,0.01516,0.003702
NHP-serum,481,N,G,0.000541,0.01516,0.003702
NHP-serum,481,N,H,0.0007328,0.01516,0.003702
NHP-serum,481,N,I,0.0004466,0.01516,0.003702
NHP-serum,481,N,K,0.0004442,0.01516,0.003702
NHP-serum,481,N,L,0.0009461,0.01516,0.003702
NHP-serum,481,N,M,0.003702,0.01516,0.003702
NHP-serum,481,N,P,0.0008914,0.01516,0.003702
NHP-serum,481,N,Q,0.001025,0.01516,0.003702
NHP-serum,481,N,R,0.001168,0.01516,0.003702
NHP-serum,481,N,S,0.0006605,0.01516,0.003702
NHP-serum,481,N,T,0.0005098,0.01516,0.003702
NHP-serum,481,N,V,0.0004649,0.01516,0.003702
NHP-serum,481,N,Y,0.0005204,0.01516,0.003702
NHP-serum,482,G,A,0.001352,0.02169,0.006536
NHP-serum,482,G,C,0.0007273,0.02169,0.006536
NHP-serum,482,G,D,0.0005331,0.02169,0.006536
NHP-serum,482,G,F,0.000769,0.02169,0.006536
NHP-serum,482,G,H,0.00188,0.02169,0.006536
NHP-serum,482,G,K,0.0003417,0.02169,0.006536
NHP-serum,482,G,L,0.002637,0.02169,0.006536
NHP-serum,482,G,N,0.0004346,0.02169,0.006536
NHP-serum,482,G,P,0.001018,0.02169,0.006536
NHP-serum,482,G,Q,0.006536,0.02169,0.006536
NHP-serum,482,G,R,0.001148,0.02169,0.006536
NHP-serum,482,G,S,0.0007339,0.02169,0.006536
NHP-serum,482,G,T,0.0006091,0.02169,0.006536
NHP-serum,482,G,Y,0.00297,0.02169,0.006536
NHP-serum,483,V,A,0.0006082,0.01213,0.001663
NHP-serum,483,V,C,0.0003761,0.01213,0.001663
NHP-serum,483,V,D,0.0004132,0.01213,0.001663
NHP-serum,483,V,E,0.0003969,0.01213,0.001663
NHP-serum,483,V,F,0.001046,0.01213,0.001663
NHP-serum,483,V,G,0.0004921,0.01213,0.001663
NHP-serum,483,V,H,0.0009047,0.01213,0.001663
NHP-serum,483,V,I,0.0008787,0.01213,0.001663
NHP-serum,483,V,K,0.0009608,0.01213,0.001663
NHP-serum,483,V,L,0.0004829,0.01213,0.001663
NHP-serum,483,V,M,0.0007547,0.01213,0.001663
NHP-serum,483,V,N,0.0004655,0.01213,0.001663
NHP-serum,483,V,Q,0.0003981,0.01213,0.001663
NHP-serum,483,V,R,0.000622,0.01213,0.001663
NHP-serum,483,V,S,0.0003223,0.01213,0.001663
NHP-serum,483,V,T,0.0004982,0.01213,0.001663
NHP-serum,483,V,W,0.0008513,0.01213,0.001663
NHP-serum,483,V,Y,0.001663,0.01213,0.001663
NHP-serum,484,E,A,0.0007659,0.05507,0.01633
NHP-serum,484,E,C,0.001851,0.05507,0.01633
NHP-serum,484,E,D,0.0006476,0.05507,0.01633
NHP-serum,484,E,F,0.005099,0.05507,0.01633
NHP-serum,484,E,G,0.0008967,0.05507,0.01633
NHP-serum,484,E,H,0.001872,0.05507,0.01633
NHP-serum,484,E,I,0.0003714,0.05507,0.01633
NHP-serum,484,E,K,0.001507,0.05507,0.01633
NHP-serum,484,E,L,0.01273,0.05507,0.01633
NHP-serum,484,E,M,0.001264,0.05507,0.01633
NHP-serum,484,E,N,0.001141,0.05507,0.01633
NHP-serum,484,E,P,0.0009551,0.05507,0.01633
NHP-serum,484,E,Q,0.001144,0.05507,0.01633
NHP-serum,484,E,R,0.01633,0.05507,0.01633
NHP-serum,484,E,S,0.001909,0.05507,0.01633
NHP-serum,484,E,T,0.0006553,0.05507,0.01633
NHP-serum,484,E,V,0.0011,0.05507,0.01633
NHP-serum,484,E,W,0.003693,0.05507,0.01633
NHP-serum,484,E,Y,0.001132,0.05507,0.01633
NHP-serum,485,G,A,0.0005174,0.008376,0.0009629
NHP-serum,485,G,C,0.0006181,0.008376,0.0009629
NHP-serum,485,G,D,0.0006502,0.008376,0.0009629
NHP-serum,485,G,E,0.0006036,0.008376,0.0009629
NHP-serum,485,G,H,0.0009228,0.008376,0.0009629
NHP-serum,485,G,K,0.0004865,0.008376,0.0009629
NHP-serum,485,G,M,0.0007492,0.008376,0.0009629
NHP-serum,485,G,N,0.0005124,0.008376,0.0009629
NHP-serum,485,G,P,0.0005444,0.008376,0.0009629
NHP-serum,485,G,Q,0.0008576,0.008376,0.0009629
NHP-serum,485,G,R,0.0009629,0.008376,0.0009629
NHP-serum,485,G,S,0.0005245,0.008376,0.0009629
NHP-serum,485,G,T,0.0004259,0.008376,0.0009629
NHP-serum,486,F,A,0.001028,0.01374,0.00148
NHP-serum,486,F,C,0.000275,0.01374,0.00148
NHP-serum,486,F,D,0.0006547,0.01374,0.00148
NHP-serum,486,F,E,0.0008713,0.01374,0.00148
NHP-serum,486,F,G,0.0008477,0.01374,0.00148
NHP-serum,486,F,H,0.00148,0.01374,0.00148
NHP-serum,486,F,I,0.0004915,0.01374,0.00148
NHP-serum,486,F,K,0.0008003,0.01374,0.00148
NHP-serum,486,F,L,0.0007812,0.01374,0.00148
NHP-serum,486,F,M,0.0004962,0.01374,0.00148
NHP-serum,486,F,N,0.0004904,0.01374,0.00148
NHP-serum,486,F,P,0.0005111,0.01374,0.00148
NHP-serum,486,F,Q,0.000839,0.01374,0.00148
NHP-serum,486,F,R,0.0005886,0.01374,0.00148
NHP-serum,486,F,S,0.0004897,0.01374,0.00148
NHP-serum,486,F,T,0.0007277,0.01374,0.00148
NHP-serum,486,F,V,0.001211,0.01374,0.00148
NHP-serum,486,F,W,0.0004219,0.01374,0.00148
NHP-serum,486,F,Y,0.000737,0.01374,0.00148
NHP-serum,487,N,A,0.0006782,0.01177,0.002195
NHP-serum,487,N,D,0.0004837,0.01177,0.002195
NHP-serum,487,N,E,0.0005504,0.01177,0.002195
NHP-serum,487,N,F,0.0008082,0.01177,0.002195
NHP-serum,487,N,G,0.0003571,0.01177,0.002195
NHP-serum,487,N,H,0.0008805,0.01177,0.002195
NHP-serum,487,N,K,0.0004582,0.01177,0.002195
NHP-serum,487,N,L,0.001283,0.01177,0.002195
NHP-serum,487,N,M,0.0006328,0.01177,0.002195
NHP-serum,487,N,Q,0.001509,0.01177,0.002195
NHP-serum,487,N,R,0.0003823,0.01177,0.002195
NHP-serum,487,N,S,0.0005398,0.01177,0.002195
NHP-serum,487,N,T,0.002195,0.01177,0.002195
NHP-serum,487,N,Y,0.001014,0.01177,0.002195
NHP-serum,489,Y,F,0.0005046,0.008611,0.004486
NHP-serum,489,Y,H,0.0005056,0.008611,0.004486
NHP-serum,489,Y,I,0.0004366,0.008611,0.004486
NHP-serum,489,Y,L,0.004486,0.008611,0.004486
NHP-serum,489,Y,M,0.0003892,0.008611,0.004486
NHP-serum,489,Y,Q,0.0002535,0.008611,0.004486
NHP-serum,489,Y,V,0.001616,0.008611,0.004486
NHP-serum,489,Y,W,0.0004196,0.008611,0.004486
NHP-serum,490,F,A,0.0003485,0.0235,0.003755
NHP-serum,490,F,C,0.0007728,0.0235,0.003755
NHP-serum,490,F,D,0.0007248,0.0235,0.003755
NHP-serum,490,F,E,0.0004242,0.0235,0.003755
NHP-serum,490,F,G,0.0008696,0.0235,0.003755
NHP-serum,490,F,H,0.0007051,0.0235,0.003755
NHP-serum,490,F,I,0.003107,0.0235,0.003755
NHP-serum,490,F,K,0.000516,0.0235,0.003755
NHP-serum,490,F,L,0.0005087,0.0235,0.003755
NHP-serum,490,F,M,0.0003853,0.0235,0.003755
NHP-serum,490,F,N,0.0006354,0.0235,0.003755
NHP-serum,490,F,P,0.0009568,0.0235,0.003755
NHP-serum,490,F,Q,0.0004679,0.0235,0.003755
NHP-serum,490,F,R,0.003224,0.0235,0.003755
NHP-serum,490,F,S,0.003755,0.0235,0.003755
NHP-serum,490,F,T,0.002273,0.0235,0.003755
NHP-serum,490,F,V,0.002723,0.0235,0.003755
NHP-serum,490,F,W,0.0006671,0.0235,0.003755
NHP-serum,490,F,Y,0.0004326,0.0235,0.003755
NHP-serum,492,L,F,0.000679,0.003089,0.001494
NHP-serum,492,L,I,0.001494,0.003089,0.001494
NHP-serum,492,L,V,0.0009162,0.003089,0.001494
NHP-serum,493,Q,A,0.001443,0.01272,0.001583
NHP-serum,493,Q,D,0.0004095,0.01272,0.001583
NHP-serum,493,Q,E,0.0008038,0.01272,0.001583
NHP-serum,493,Q,F,0.0005084,0.01272,0.001583
NHP-serum,493,Q,G,0.0004383,0.01272,0.001583
NHP-serum,493,Q,H,0.001032,0.01272,0.001583
NHP-serum,493,Q,I,0.0005972,0.01272,0.001583
NHP-serum,493,Q,K,0.001583,0.01272,0.001583
NHP-serum,493,Q,L,0.0005059,0.01272,0.001583
NHP-serum,493,Q,M,0.0005298,0.01272,0.001583
NHP-serum,493,Q,N,0.0003647,0.01272,0.001583
NHP-serum,493,Q,R,0.001,0.01272,0.001583
NHP-serum,493,Q,S,0.0006457,0.01272,0.001583
NHP-serum,493,Q,T,0.0006363,0.01272,0.001583
NHP-serum,493,Q,V,0.001396,0.01272,0.001583
NHP-serum,493,Q,W,0,0.01272,0.001583
NHP-serum,493,Q,Y,0.0008218,0.01272,0.001583
NHP-serum,494,S,A,0.0009742,0.01273,0.002027
NHP-serum,494,S,D,0.0001016,0.01273,0.002027
NHP-serum,494,S,F,0.0004226,0.01273,0.002027
NHP-serum,494,S,G,0.001587,0.01273,0.002027
NHP-serum,494,S,H,0.0005559,0.01273,0.002027
NHP-serum,494,S,I,0.0005253,0.01273,0.002027
NHP-serum,494,S,K,0.0005402,0.01273,0.002027
NHP-serum,494,S,M,0.002027,0.01273,0.002027
NHP-serum,494,S,N,0.0007559,0.01273,0.002027
NHP-serum,494,S,P,0.001521,0.01273,0.002027
NHP-serum,494,S,R,0.0007234,0.01273,0.002027
NHP-serum,494,S,T,0.0002463,0.01273,0.002027
NHP-serum,494,S,V,0.0005307,0.01273,0.002027
NHP-serum,494,S,W,0.001745,0.01273,0.002027
NHP-serum,494,S,Y,0.0004747,0.01273,0.002027
NHP-serum,496,G,A,0.0006089,0.03333,0.01062
NHP-serum,496,G,C,0.00303,0.03333,0.01062
NHP-serum,496,G,D,0.001457,0.03333,0.01062
NHP-serum,496,G,E,0.0005384,0.03333,0.01062
NHP-serum,496,G,F,0.0007051,0.03333,0.01062
NHP-serum,496,G,H,0.0006146,0.03333,0.01062
NHP-serum,496,G,I,0.001203,0.03333,0.01062
NHP-serum,496,G,K,0.004162,0.03333,0.01062
NHP-serum,496,G,L,0.0004897,0.03333,0.01062
NHP-serum,496,G,M,0.0005754,0.03333,0.01062
NHP-serum,496,G,N,0.001291,0.03333,0.01062
NHP-serum,496,G,Q,0.002106,0.03333,0.01062
NHP-serum,496,G,R,0.0005242,0.03333,0.01062
NHP-serum,496,G,S,0.003433,0.03333,0.01062
NHP-serum,496,G,T,0.0006176,0.03333,0.01062
NHP-serum,496,G,V,0.01062,0.03333,0.01062
NHP-serum,496,G,W,0.0008488,0.03333,0.01062
NHP-serum,496,G,Y,0.0004976,0.03333,0.01062
NHP-serum,498,Q,A,0.0007382,0.02068,0.005253
NHP-serum,498,Q,C,0.0005613,0.02068,0.005253
NHP-serum,498,Q,D,0.0007224,0.02068,0.005253
NHP-serum,498,Q,E,0.001828,0.02068,0.005253
NHP-serum,498,Q,F,0.001945,0.02068,0.005253
NHP-serum,498,Q,G,0.001286,0.02068,0.005253
NHP-serum,498,Q,H,0.0006831,0.02068,0.005253
NHP-serum,498,Q,I,0.0005763,0.02068,0.005253
NHP-serum,498,Q,K,0.002458,0.02068,0.005253
NHP-serum,498,Q,L,0.0005931,0.02068,0.005253
NHP-serum,498,Q,M,0.005253,0.02068,0.005253
NHP-serum,498,Q,N,0.0004283,0.02068,0.005253
NHP-serum,498,Q,R,0.0006924,0.02068,0.005253
NHP-serum,498,Q,S,0.0007102,0.02068,0.005253
NHP-serum,498,Q,T,0.0005162,0.02068,0.005253
NHP-serum,498,Q,V,0.0004415,0.02068,0.005253
NHP-serum,498,Q,W,0.0008323,0.02068,0.005253
NHP-serum,498,Q,Y,0.0004096,0.02068,0.005253
NHP-serum,499,P,A,0.0007896,0.02304,0.004176
NHP-serum,499,P,C,0.002552,0.02304,0.004176
NHP-serum,499,P,D,0.0006163,0.02304,0.004176
NHP-serum,499,P,E,0.0002736,0.02304,0.004176
NHP-serum,499,P,G,0.0003603,0.02304,0.004176
NHP-serum,499,P,H,0.0009483,0.02304,0.004176
NHP-serum,499,P,L,0.0004628,0.02304,0.004176
NHP-serum,499,P,M,0.003559,0.02304,0.004176
NHP-serum,499,P,N,0.0003711,0.02304,0.004176
NHP-serum,499,P,Q,0.004176,0.02304,0.004176
NHP-serum,499,P,R,0.003269,0.02304,0.004176
NHP-serum,499,P,S,0.000516,0.02304,0.004176
NHP-serum,499,P,T,0.001481,0.02304,0.004176
NHP-serum,499,P,V,0.0004599,0.02304,0.004176
NHP-serum,499,P,Y,0.003205,0.02304,0.004176
NHP-serum,500,T,A,0.0004715,0.02023,0.00673
NHP-serum,500,T,C,0.0008685,0.02023,0.00673
NHP-serum,500,T,D,0.00673,0.02023,0.00673
NHP-serum,500,T,E,8.002e-05,0.02023,0.00673
NHP-serum,500,T,F,0.0009743,0.02023,0.00673
NHP-serum,500,T,G,0.0007868,0.02023,0.00673
NHP-serum,500,T,H,0.0007906,0.02023,0.00673
NHP-serum,500,T,I,0.0004716,0.02023,0.00673
NHP-serum,500,T,K,0.0005664,0.02023,0.00673
NHP-serum,500,T,L,0.001753,0.02023,0.00673
NHP-serum,500,T,M,0.0005692,0.02023,0.00673
NHP-serum,500,T,N,0.0007658,0.02023,0.00673
NHP-serum,500,T,P,0.001269,0.02023,0.00673
NHP-serum,500,T,Q,0.0006949,0.02023,0.00673
NHP-serum,500,T,R,0.0008457,0.02023,0.00673
NHP-serum,500,T,S,0.0004278,0.02023,0.00673
NHP-serum,500,T,V,0.000674,0.02023,0.00673
NHP-serum,500,T,W,0.0004971,0.02023,0.00673
NHP-serum,500,T,Y,0.0009904,0.02023,0.00673
NHP-serum,501,N,A,0.0003894,0.01578,0.003513
NHP-serum,501,N,C,0.001609,0.01578,0.003513
NHP-serum,501,N,F,0.0007714,0.01578,0.003513
NHP-serum,501,N,G,0.0006275,0.01578,0.003513
NHP-serum,501,N,H,0.003513,0.01578,0.003513
NHP-serum,501,N,I,0.0007406,0.01578,0.003513
NHP-serum,501,N,L,0.0009271,0.01578,0.003513
NHP-serum,501,N,M,0.0003431,0.01578,0.003513
NHP-serum,501,N,P,0.001524,0.01578,0.003513
NHP-serum,501,N,Q,0.0004369,0.01578,0.003513
NHP-serum,501,N,R,0.001248,0.01578,0.003513
NHP-serum,501,N,S,0.0005917,0.01578,0.003513
NHP-serum,501,N,T,0.0009764,0.01578,0.003513
NHP-serum,501,N,V,0.0007224,0.01578,0.003513
NHP-serum,501,N,W,0.0006488,0.01578,0.003513
NHP-serum,501,N,Y,0.0007081,0.01578,0.003513
NHP-serum,503,V,A,0.0006022,0.01789,0.003848
NHP-serum,503,V,C,0.0006365,0.01789,0.003848
NHP-serum,503,V,D,0.0008329,0.01789,0.003848
NHP-serum,503,V,E,0.0004413,0.01789,0.003848
NHP-serum,503,V,F,0.0003951,0.01789,0.003848
NHP-serum,503,V,G,0.0004826,0.01789,0.003848
NHP-serum,503,V,H,0.003848,0.01789,0.003848
NHP-serum,503,V,I,0.0005909,0.01789,0.003848
NHP-serum,503,V,K,0.002052,0.01789,0.003848
NHP-serum,503,V,L,0.001175,0.01789,0.003848
NHP-serum,503,V,M,0.001744,0.01789,0.003848
NHP-serum,503,V,N,0.0006092,0.01789,0.003848
NHP-serum,503,V,Q,0.0009772,0.01789,0.003848
NHP-serum,503,V,R,0.0004625,0.01789,0.003848
NHP-serum,503,V,S,0.0005612,0.01789,0.003848
NHP-serum,503,V,T,0.0007202,0.01789,0.003848
NHP-serum,503,V,W,0.0009118,0.01789,0.003848
NHP-serum,503,V,Y,0.0008459,0.01789,0.003848
NHP-serum,504,G,A,0.0007942,0.01785,0.004278
NHP-serum,504,G,C,0.0005767,0.01785,0.004278
NHP-serum,504,G,D,0.0009574,0.01785,0.004278
NHP-serum,504,G,E,0.000913,0.01785,0.004278
NHP-serum,504,G,F,0.0009994,0.01785,0.004278
NHP-serum,504,G,H,0.0005204,0.01785,0.004278
NHP-serum,504,G,I,0.0007799,0.01785,0.004278
NHP-serum,504,G,K,0.0006304,0.01785,0.004278
NHP-serum,504,G,L,0.0006123,0.01785,0.004278
NHP-serum,504,G,M,0.000914,0.01785,0.004278
NHP-serum,504,G,N,0.0006304,0.01785,0.004278
NHP-serum,504,G,P,0.004278,0.01785,0.004278
NHP-serum,504,G,Q,0.0009613,0.01785,0.004278
NHP-serum,504,G,R,0.001311,0.01785,0.004278
NHP-serum,504,G,S,0.0004096,0.01785,0.004278
NHP-serum,504,G,T,0.0008845,0.01785,0.004278
NHP-serum,504,G,V,0.0008614,0.01785,0.004278
NHP-serum,504,G,W,0.0004171,0.01785,0.004278
NHP-serum,504,G,Y,0.0004018,0.01785,0.004278
NHP-serum,505,Y,F,0.0005586,0.005115,0.001404
NHP-serum,505,Y,H,0.001394,0.005115,0.001404
NHP-serum,505,Y,M,0,0.005115,0.001404
NHP-serum,505,Y,N,0.001119,0.005115,0.001404
NHP-serum,505,Y,Q,0.0006397,0.005115,0.001404
NHP-serum,505,Y,W,0.001404,0.005115,0.001404
NHP-serum,506,Q,A,0.0004653,0.002256,0.0009842
NHP-serum,506,Q,E,0.0009842,0.002256,0.0009842
NHP-serum,506,Q,H,0.0008062,0.002256,0.0009842
NHP-serum,506,Q,N,0,0.002256,0.0009842
NHP-serum,507,P,A,0.0004482,0.0004482,0.0004482
NHP-serum,508,Y,A,0.006735,0.01116,0.006735
NHP-serum,508,Y,F,0.0008681,0.01116,0.006735
NHP-serum,508,Y,H,0.0003345,0.01116,0.006735
NHP-serum,508,Y,M,0.0007354,0.01116,0.006735
NHP-serum,508,Y,N,0.0005369,0.01116,0.006735
NHP-serum,508,Y,T,0.0006312,0.01116,0.006735
NHP-serum,508,Y,V,0.0004683,0.01116,0.006735
NHP-serum,508,Y,W,0.0008524,0.01116,0.006735
NHP-serum,510,V,I,0.0004631,0.0004631,0.0004631
NHP-serum,512,V,I,0.0005037,0.0005037,0.0005037
NHP-serum,513,L,I,0.001015,0.00212,0.001105
NHP-serum,513,L,M,0.001105,0.00212,0.001105
NHP-serum,514,S,A,0.0004271,0.01171,0.003569
NHP-serum,514,S,C,0.0004059,0.01171,0.003569
NHP-serum,514,S,F,0.000447,0.01171,0.003569
NHP-serum,514,S,G,0.000606,0.01171,0.003569
NHP-serum,514,S,H,0.000528,0.01171,0.003569
NHP-serum,514,S,I,0.0002793,0.01171,0.003569
NHP-serum,514,S,K,0.0005265,0.01171,0.003569
NHP-serum,514,S,L,0.0007015,0.01171,0.003569
NHP-serum,514,S,M,0.003569,0.01171,0.003569
NHP-serum,514,S,N,0.0004354,0.01171,0.003569
NHP-serum,514,S,Q,0.0007818,0.01171,0.003569
NHP-serum,514,S,R,0.0008441,0.01171,0.003569
NHP-serum,514,S,T,0.0006991,0.01171,0.003569
NHP-serum,514,S,V,0.0004377,0.01171,0.003569
NHP-serum,514,S,W,0.0006758,0.01171,0.003569
NHP-serum,514,S,Y,0.000351,0.01171,0.003569
NHP-serum,515,F,L,0.0004847,0.001666,0.001181
NHP-serum,515,F,M,0.001181,0.001666,0.001181
NHP-serum,516,E,D,0.0008307,0.005175,0.0008976
NHP-serum,516,E,H,0.0007296,0.005175,0.0008976
NHP-serum,516,E,K,0.0004878,0.005175,0.0008976
NHP-serum,516,E,N,0.0008976,0.005175,0.0008976
NHP-serum,516,E,P,0.0002618,0.005175,0.0008976
NHP-serum,516,E,R,0.0005087,0.005175,0.0008976
NHP-serum,516,E,S,0.0006334,0.005175,0.0008976
NHP-serum,516,E,T,0.0008251,0.005175,0.0008976
NHP-serum,517,L,E,0.01252,0.01874,0.01252
NHP-serum,517,L,H,0.0004383,0.01874,0.01252
NHP-serum,517,L,I,0.0003506,0.01874,0.01252
NHP-serum,517,L,K,0.0004304,0.01874,0.01252
NHP-serum,517,L,M,0.0009508,0.01874,0.01252
NHP-serum,517,L,N,0.001132,0.01874,0.01252
NHP-serum,517,L,Q,0.0004165,0.01874,0.01252
NHP-serum,517,L,R,0.0005435,0.01874,0.01252
NHP-serum,517,L,S,0.0004272,0.01874,0.01252
NHP-serum,517,L,T,0.0005365,0.01874,0.01252
NHP-serum,517,L,V,0.0004927,0.01874,0.01252
NHP-serum,517,L,Y,0.0005065,0.01874,0.01252
NHP-serum,518,L,A,0.0007149,0.02771,0.01132
NHP-serum,518,L,F,0.01132,0.02771,0.01132
NHP-serum,518,L,H,0.0006015,0.02771,0.01132
NHP-serum,518,L,I,0.004217,0.02771,0.01132
NHP-serum,518,L,K,0.0004614,0.02771,0.01132
NHP-serum,518,L,M,0.0007309,0.02771,0.01132
NHP-serum,518,L,N,0.0005592,0.02771,0.01132
NHP-serum,518,L,P,0.0004046,0.02771,0.01132
NHP-serum,518,L,Q,0.0003244,0.02771,0.01132
NHP-serum,518,L,R,0.0004187,0.02771,0.01132
NHP-serum,518,L,S,0.0006341,0.02771,0.01132
NHP-serum,518,L,T,0.0005377,0.02771,0.01132
NHP-serum,518,L,V,0.001938,0.02771,0.01132
NHP-serum,518,L,W,0.0004624,0.02771,0.01132
NHP-serum,518,L,Y,0.004388,0.02771,0.01132
NHP-serum,519,H,C,0.0004423,0.01111,0.00298
NHP-serum,519,H,D,0.001682,0.01111,0.00298
NHP-serum,519,H,F,0.0003701,0.01111,0.00298
NHP-serum,519,H,I,0.0008365,0.01111,0.00298
NHP-serum,519,H,L,0.0008382,0.01111,0.00298
NHP-serum,519,H,N,0.000644,0.01111,0.00298
NHP-serum,519,H,P,0.000552,0.01111,0.00298
NHP-serum,519,H,Q,0.00298,0.01111,0.00298
NHP-serum,519,H,R,0.0008181,0.01111,0.00298
NHP-serum,519,H,S,0.0003794,0.01111,0.00298
NHP-serum,519,H,T,0.0006772,0.01111,0.00298
NHP-serum,519,H,V,0.0004167,0.01111,0.00298
NHP-serum,519,H,Y,0.000474,0.01111,0.00298
NHP-serum,520,A,C,0.0003793,0.01203,0.001217
NHP-serum,520,A,D,0.000846,0.01203,0.001217
NHP-serum,520,A,E,0.001008,0.01203,0.001217
NHP-serum,520,A,F,0.0005603,0.01203,0.001217
NHP-serum,520,A,G,0.0008672,0.01203,0.001217
NHP-serum,520,A,H,0.000549,0.01203,0.001217
NHP-serum,520,A,I,0.0007892,0.01203,0.001217
NHP-serum,520,A,K,0.000327,0.01203,0.001217
NHP-serum,520,A,L,0.001053,0.01203,0.001217
NHP-serum,520,A,M,0.0009794,0.01203,0.001217
NHP-serum,520,A,N,0.0005133,0.01203,0.001217
NHP-serum,520,A,P,0.001217,0.01203,0.001217
NHP-serum,520,A,R,0.0008376,0.01203,0.001217
NHP-serum,520,A,S,0.000682,0.01203,0.001217
NHP-serum,520,A,T,0.0005526,0.01203,0.001217
NHP-serum,520,A,V,0.0004627,0.01203,0.001217
NHP-serum,520,A,Y,0.0004039,0.01203,0.001217
NHP-serum,521,P,C,0.001276,0.01093,0.005372
NHP-serum,521,P,F,0.005372,0.01093,0.005372
NHP-serum,521,P,G,0.0004863,0.01093,0.005372
NHP-serum,521,P,H,0.0004485,0.01093,0.005372
NHP-serum,521,P,N,0.0006181,0.01093,0.005372
NHP-serum,521,P,R,0.0003422,0.01093,0.005372
NHP-serum,521,P,S,0.001838,0.01093,0.005372
NHP-serum,521,P,T,0.0005463,0.01093,0.005372
NHP-serum,522,A,C,0.0004564,0.02693,0.005069
NHP-serum,522,A,D,0.004074,0.02693,0.005069
NHP-serum,522,A,E,0.001474,0.02693,0.005069
NHP-serum,522,A,G,0.0006446,0.02693,0.005069
NHP-serum,522,A,H,0.00442,0.02693,0.005069
NHP-serum,522,A,I,0,0.02693,0.005069
NHP-serum,522,A,K,0.0001135,0.02693,0.005069
NHP-serum,522,A,L,0.003603,0.02693,0.005069
NHP-serum,522,A,M,0.000652,0.02693,0.005069
NHP-serum,522,A,P,0.005069,0.02693,0.005069
NHP-serum,522,A,R,0.0009617,0.02693,0.005069
NHP-serum,522,A,S,0.001304,0.02693,0.005069
NHP-serum,522,A,T,0.00203,0.02693,0.005069
NHP-serum,522,A,V,0.0004888,0.02693,0.005069
NHP-serum,522,A,W,0.0006247,0.02693,0.005069
NHP-serum,522,A,Y,0.00101,0.02693,0.005069
NHP-serum,523,T,I,0.0004222,0.001945,0.001523
NHP-serum,523,T,Y,0.001523,0.001945,0.001523
NHP-serum,524,V,A,0.0008924,0.001989,0.0008924
NHP-serum,524,V,G,0.000497,0.001989,0.0008924
NHP-serum,524,V,I,0.0005993,0.001989,0.0008924
NHP-serum,525,C,A,0.0008974,0.006307,0.001957
NHP-serum,525,C,F,0.0005474,0.006307,0.001957
NHP-serum,525,C,I,0.0003843,0.006307,0.001957
NHP-serum,525,C,L,0.0003148,0.006307,0.001957
NHP-serum,525,C,N,0.000563,0.006307,0.001957
NHP-serum,525,C,R,0.0009956,0.006307,0.001957
NHP-serum,525,C,S,0.0006476,0.006307,0.001957
NHP-serum,525,C,T,0.001957,0.006307,0.001957
NHP-serum,526,G,A,0.0004351,0.006578,0.00136
NHP-serum,526,G,D,0.0003957,0.006578,0.00136
NHP-serum,526,G,E,0.0009105,0.006578,0.00136
NHP-serum,526,G,L,0.0006533,0.006578,0.00136
NHP-serum,526,G,N,0.0004807,0.006578,0.00136
NHP-serum,526,G,P,0.0009019,0.006578,0.00136
NHP-serum,526,G,R,0.0007385,0.006578,0.00136
NHP-serum,526,G,S,0.0003857,0.006578,0.00136
NHP-serum,526,G,V,0.0003159,0.006578,0.00136
NHP-serum,526,G,W,0.00136,0.006578,0.00136
NHP-serum,527,P,A,0.0003899,0.01345,0.001925
NHP-serum,527,P,C,0.0001688,0.01345,0.001925
NHP-serum,527,P,E,0.0006587,0.01345,0.001925
NHP-serum,527,P,F,0.0006591,0.01345,0.001925
NHP-serum,527,P,G,0.0005101,0.01345,0.001925
NHP-serum,527,P,H,0.001211,0.01345,0.001925
NHP-serum,527,P,I,0.001519,0.01345,0.001925
NHP-serum,527,P,K,0.001465,0.01345,0.001925
NHP-serum,527,P,L,0.0006913,0.01345,0.001925
NHP-serum,527,P,M,0.0006473,0.01345,0.001925
NHP-serum,527,P,N,0.0003286,0.01345,0.001925
NHP-serum,527,P,Q,0.0004833,0.01345,0.001925
NHP-serum,527,P,R,0.001032,0.01345,0.001925
NHP-serum,527,P,S,0.0007407,0.01345,0.001925
NHP-serum,527,P,T,0.001925,0.01345,0.001925
NHP-serum,527,P,V,0.0006638,0.01345,0.001925
NHP-serum,527,P,Y,0.0003601,0.01345,0.001925
NHP-serum,528,K,A,0.0002745,0.01984,0.006033
NHP-serum,528,K,C,0.001935,0.01984,0.006033
NHP-serum,528,K,D,0.001455,0.01984,0.006033
NHP-serum,528,K,E,0.0004075,0.01984,0.006033
NHP-serum,528,K,G,0.0006749,0.01984,0.006033
NHP-serum,528,K,H,0.0005048,0.01984,0.006033
NHP-serum,528,K,I,0.0004125,0.01984,0.006033
NHP-serum,528,K,L,0.0005396,0.01984,0.006033
NHP-serum,528,K,M,0.0007771,0.01984,0.006033
NHP-serum,528,K,N,0.0007927,0.01984,0.006033
NHP-serum,528,K,P,0.0007302,0.01984,0.006033
NHP-serum,528,K,Q,0.000946,0.01984,0.006033
NHP-serum,528,K,R,0.0009929,0.01984,0.006033
NHP-serum,528,K,S,0.006033,0.01984,0.006033
NHP-serum,528,K,T,0.0004645,0.01984,0.006033
NHP-serum,528,K,V,0.0004409,0.01984,0.006033
NHP-serum,528,K,W,0.0004318,0.01984,0.006033
NHP-serum,528,K,Y,0.002028,0.01984,0.006033
NHP-serum,529,K,C,0.0004255,0.01419,0.002102
NHP-serum,529,K,D,0.000486,0.01419,0.002102
NHP-serum,529,K,E,0.0007132,0.01419,0.002102
NHP-serum,529,K,F,0.001322,0.01419,0.002102
NHP-serum,529,K,G,0.001351,0.01419,0.002102
NHP-serum,529,K,H,0.0004543,0.01419,0.002102
NHP-serum,529,K,I,0.0004478,0.01419,0.002102
NHP-serum,529,K,L,0.000702,0.01419,0.002102
NHP-serum,529,K,M,0.00108,0.01419,0.002102
NHP-serum,529,K,N,0.000711,0.01419,0.002102
NHP-serum,529,K,P,0.0006851,0.01419,0.002102
NHP-serum,529,K,Q,0.0003169,0.01419,0.002102
NHP-serum,529,K,R,0.0009041,0.01419,0.002102
NHP-serum,529,K,S,0.0004528,0.01419,0.002102
NHP-serum,529,K,T,0.0008934,0.01419,0.002102
NHP-serum,529,K,V,0.0005303,0.01419,0.002102
NHP-serum,529,K,W,0.0006096,0.01419,0.002102
NHP-serum,529,K,Y,0.002102,0.01419,0.002102
NHP-serum,530,S,A,0.0005527,0.01202,0.001198
NHP-serum,530,S,C,0.0008319,0.01202,0.001198
NHP-serum,530,S,D,0.0004947,0.01202,0.001198
NHP-serum,530,S,E,0.0004873,0.01202,0.001198
NHP-serum,530,S,F,0.0008039,0.01202,0.001198
NHP-serum,530,S,G,0.0004318,0.01202,0.001198
NHP-serum,530,S,H,0.000604,0.01202,0.001198
NHP-serum,530,S,I,0.0007109,0.01202,0.001198
NHP-serum,530,S,K,0.0004509,0.01202,0.001198
NHP-serum,530,S,L,0.0008789,0.01202,0.001198
NHP-serum,530,S,M,0.0007315,0.01202,0.001198
NHP-serum,530,S,N,0.0005872,0.01202,0.001198
NHP-serum,530,S,P,0.0005511,0.01202,0.001198
NHP-serum,530,S,Q,0.0005775,0.01202,0.001198
NHP-serum,530,S,R,0.0004584,0.01202,0.001198
NHP-serum,530,S,T,0.000457,0.01202,0.001198
NHP-serum,530,S,V,0.0005859,0.01202,0.001198
NHP-serum,530,S,W,0.000624,0.01202,0.001198
NHP-serum,530,S,Y,0.001198,0.01202,0.001198
NHP-serum,531,T,A,0.003306,0.02064,0.004139
NHP-serum,531,T,C,0.001538,0.02064,0.004139
NHP-serum,531,T,D,0.0009155,0.02064,0.004139
NHP-serum,531,T,E,0.000549,0.02064,0.004139
NHP-serum,531,T,F,0.0005479,0.02064,0.004139
NHP-serum,531,T,G,0.0005397,0.02064,0.004139
NHP-serum,531,T,H,0.0009494,0.02064,0.004139
NHP-serum,531,T,I,0.0005098,0.02064,0.004139
NHP-serum,531,T,K,0.0007536,0.02064,0.004139
NHP-serum,531,T,L,0.0007029,0.02064,0.004139
NHP-serum,531,T,M,0.0007865,0.02064,0.004139
NHP-serum,531,T,N,0.0006313,0.02064,0.004139
NHP-serum,531,T,P,0.001637,0.02064,0.004139
NHP-serum,531,T,Q,0.0004082,0.02064,0.004139
NHP-serum,531,T,R,0.0007116,0.02064,0.004139
NHP-serum,531,T,S,0.0005347,0.02064,0.004139
NHP-serum,531,T,V,0.000941,0.02064,0.004139
NHP-serum,531,T,W,0.004139,0.02064,0.004139
NHP-serum,531,T,Y,0.0005423,0.02064,0.004139
